,0,1,2,3,4,5,6,7,8,9,10,11,12,13,14,15,16,17,18,19,20,21,22,23,24,25,26,27,28,29,30,31,32
A0A0J9WZA6,0.4202722411278561,0.5952843947496353,0.5430238210986874,0.6621293145357317,0.7185221195916383,0.5921244530870199,0.3349538162372387,0.426592124453087,0.3986387943607195,0.4496840058337384,0.4795819154107924,0.7309188138065144,0.5262518230432669,0.7156052503646086,0.660427807486631,0.6176470588235294,0.5875060768108896,0.7321341759844433,0.6604278074866311,0.6553232863393291,0.757656781720953,0.5855614973262032,0.5809431210500728,0.605736509479825,0.6050072921730676,0.7029654837141468,0.5780262518230432,0.6584832280019446,0.684005833738454,0.7588721438988819,0.6392805055906661,0.6443850267379678,0.6443850267379678
A0A1I9GEN8,0.6844059405940595,0.3641989198919892,0.28268451845184517,0.4592146714671468,0.31632538253825376,0.39047029702970293,0.5042754275427543,0.4796354635463546,0.3706120612061206,0.3296017101710171,0.24915616561656165,0.2826282628262826,0.3618361836183619,0.4053217821782178,0.4052092709270927,0.35778577857785776,0.5083820882088208,0.27340234023402343,0.3771939693969397,0.32712646264626466,0.38270702070207024,0.3991336633663366,0.42006075607560756,0.4684405940594059,0.36684293429342935,0.4236611161116113,0.5114761476147615,0.5629500450045004,0.4126912691269127,0.4592146714671467,0.48829882988298834,0.4425067506750675,0.5346534653465347
B8GZM2,0.5895977245022348,0.7259244209670865,0.7062169849654613,0.6332791548151158,0.6435392117025599,0.6258634701340918,0.6322633075985372,0.6573547338480292,0.6928078017066233,0.7174928890694839,0.6956521739130435,0.7160707029662738,0.6863063795205201,0.6487200325071111,0.7309020723283218,0.6774685087362861,0.6533929297033726,0.688642828118651,0.6950426655830962,0.685696871190573,0.616822429906542,0.5788297440065013,0.622815928484356,0.6583705810646079,0.5972165786265746,0.6051401869158879,0.6614181227143437,0.6034132466477042,0.6009752133279155,0.5594270621698497,0.5053839902478667,0.6229175132060139,0.5365704997968306
E8ME30,0.7628205128205128,0.8730769230769231,0.8506410256410255,0.6897435897435897,0.5064102564102564,0.7717948717948718,0.805128205128205,0.8730769230769231,0.8544871794871794,0.898076923076923,0.907051282051282,0.9326923076923077,0.9262820512820513,0.9019230769230768,0.9076923076923077,0.9153846153846154,0.9391025641025641,0.9384615384615385,0.8448717948717949,0.958974358974359,0.8262820512820512,0.8903846153846153,0.9064102564102564,0.798076923076923,0.725,0.8301282051282052,0.8025641025641026,0.8070512820512821,0.7903846153846155,0.7743589743589743,0.8980769230769231,0.9141025641025641,0.9352564102564103
O14757,0.6630546955624355,0.5690144478844169,0.7585139318885449,0.6442208462332302,0.7916666666666667,0.6737616099071208,0.7921826625386996,0.78328173374613,0.7997936016511867,0.7649638802889578,0.8201754385964912,0.7817337461300309,0.7441950464396285,0.7478070175438596,0.7080753353973168,0.7863777089783281,0.7371001031991743,0.7720588235294117,0.8037925696594428,0.7080753353973168,0.7269091847265222,0.684984520123839,0.8050825593395253,0.8517801857585139,0.8037925696594427,0.8539731682146543,0.7968266253869969,0.7405830753353974,0.8619711042311662,0.6102941176470589,0.8125644994840042,0.8101135190918473,0.7512899896800826
O14965,0.38820164937483376,0.5326549614259111,0.6561585528065975,0.5957701516360734,0.636073423782921,0.5971667996807661,0.6642059058260176,0.713953179036978,0.7342378292098962,0.7854482575152966,0.6843575418994413,0.6312184091513701,0.6106677307794627,0.6030859271082735,0.6454509177972865,0.6660681032189412,0.6822958233572759,0.6877494014365523,0.6796355413673849,0.6783719074221868,0.6981910082468742,0.6888800212822559,0.684291034849694,0.6713221601489758,0.6499733971801012,0.6514365522745411,0.6965948390529396,0.6899441340782122,0.6688613993083268,0.6926044160681032,0.7571162543229581,0.6620776802341048,0.7019154030327215
O31611,0.5693027210884354,0.6232993197278912,0.514030612244898,0.5017006802721089,0.46896258503401356,0.49744897959183676,0.6560374149659864,0.5046768707482994,0.3949829931972789,0.3469387755102041,0.2835884353741497,0.2891156462585034,0.3133503401360544,0.3129251700680272,0.34778911564625853,0.29931972789115646,0.37329931972789115,0.2189625850340136,0.2755102040816327,0.3869047619047619,0.3354591836734694,0.4285714285714286,0.34098639455782315,0.4281462585034014,0.43920068027210885,0.6352040816326531,0.4034863945578231,0.48809523809523814,0.4812925170068027,0.4574829931972789,0.5663265306122449,0.6292517006802721,0.5625
O43353,0.8297830374753452,0.7702169625246549,0.8090729783037476,0.8240631163708085,0.7439842209072979,0.7372781065088757,0.8087442472057856,0.8398422090729785,0.8480604865220249,0.882577251808021,0.826758711374096,0.8359631821170284,0.8381985535831691,0.8827744904667982,0.836094674556213,0.8502301117685733,0.8274161735700197,0.7981591058514135,0.8174884944115713,0.839250493096647,0.8515450361604208,0.8613412228796844,0.8712031558185405,0.8785667324128863,0.8581196581196582,0.7915187376725838,0.8458251150558843,0.7999342537804076,0.8416831032215648,0.8619986850756081,0.8645627876397107,0.842274819197896,0.8853385930309008
O54438,0.7072649572649573,0.7055555555555556,0.6427350427350427,0.5688034188034188,0.4098290598290598,0.6846153846153846,0.6410256410256411,0.6367521367521367,0.7222222222222222,0.7461538461538462,0.7021367521367521,0.8166666666666667,0.8675213675213675,0.8884615384615384,0.8568376068376068,0.7401709401709402,0.8282051282051281,0.8495726495726497,0.7418803418803419,0.7982905982905983,0.7363247863247864,0.7316239316239317,0.843162393162393,0.7000000000000001,0.7277777777777779,0.7542735042735043,0.7910256410256411,0.8730769230769231,0.885897435897436,0.7982905982905983,0.7918803418803418,0.8944444444444444,0.8324786324786324
O57693,0.5515873015873016,0.22325741890959283,0.3305728088336784,0.3947550034506556,0.3181504485852312,0.363871635610766,0.3564527260179434,0.4252933057280883,0.2751897860593513,0.19306418219461696,0.2489648033126294,0.20376121463077984,0.1959972394755003,0.2577639751552795,0.2374051069703244,0.21773636991028295,0.24844720496894412,0.2412008281573499,0.19806763285024154,0.16873706004140784,0.2907177363699103,0.2782953761214631,0.24792960662525879,0.22567287784679088,0.33247066942719117,0.28174603174603174,0.6036922015182884,0.291407867494824,0.30883367839889575,0.34955141476880613,0.48740510697032435,0.510351966873706,0.2812284334023465
O60547,0.3493791786055397,0.4387774594078319,0.5560649474689588,0.46953199617956065,0.6966571155682904,0.5856733524355301,0.6267430754536771,0.5795606494746895,0.5507163323782234,0.5627507163323782,0.5572110792741165,0.590639923591213,0.5384909264565425,0.5138490926456543,0.5220630372492836,0.5119388729703916,0.5052531041069723,0.5814708691499523,0.5965616045845272,0.5436485195797518,0.5327602674307546,0.49570200573065903,0.5106017191977078,0.4991404011461318,0.525119388729704,0.5134670487106017,0.5873925501432665,0.5617956064947469,0.5065902578796562,0.6376313276026744,0.624450811843362,0.6561604584527221,0.7119388729703916
O60678,0.29319129226493745,0.7208198239925891,0.806276053728578,0.729967577582214,0.7755905511811023,0.7194302918017601,0.7699166280685503,0.7043770264011116,0.7185039370078741,0.6609541454377026,0.7012505789717461,0.6754284390921723,0.6537748957850857,0.6990504863362668,0.6636174154701251,0.650764242704956,0.6109309865678555,0.713756368689208,0.7522000926354793,0.7031032885595183,0.706577119036591,0.7497684113015285,0.6362899490504863,0.5460861509958314,0.5719082908754053,0.6331635016211209,0.5985409911996294,0.705187586845762,0.6523853635942566,0.6346688281611857,0.6687123668364984,0.6643121815655396,0.6704492820750347
O60701,0.5941427853192559,0.7341628959276018,0.6636500754147814,0.5946455505279035,0.7406988436400201,0.7782805429864253,0.7219708396178984,0.7420814479638008,0.7237305178481649,0.7575414781297134,0.7743841126194067,0.8143539467068879,0.8185017596782302,0.8613624937154348,0.8386123680241327,0.8562091503267973,0.8285570638511816,0.8403720462543992,0.830316742081448,0.8342131724484666,0.7851935646053293,0.8289341377576672,0.8171191553544495,0.7826797385620915,0.8436400201106085,0.8697838109602815,0.8288084464555052,0.9120160884866767,0.9443187531422825,0.9269733534439417,0.8983157365510306,0.9311211664152841,0.9131473102061337
P00344,0.6244588744588745,0.7732683982683983,0.7597402597402598,0.676948051948052,0.4691558441558442,0.7083333333333334,0.7316017316017316,0.8116883116883116,0.7949134199134199,0.7846320346320346,0.8685064935064936,0.8398268398268398,0.79004329004329,0.800865800865801,0.7792207792207793,0.8403679653679654,0.7748917748917749,0.7927489177489179,0.7656926406926408,0.8116883116883117,0.7115800865800866,0.8170995670995671,0.8068181818181818,0.6931818181818181,0.6861471861471862,0.7716450216450217,0.676948051948052,0.7115800865800865,0.6677489177489178,0.7559523809523809,0.8030303030303031,0.7245670995670996,0.7867965367965368
P00366,0.46932061802321284,0.47434760109410806,0.5768093442744141,0.545871220521919,0.5910031788275301,0.5526724329119539,0.5277592962223701,0.6015746285207364,0.5944777112441783,0.5756634878391365,0.6079692466918015,0.6324388260516005,0.5808752864641088,0.5870111628594662,0.6017964071856288,0.614733495971021,0.5977304649959341,0.6379093664522807,0.6595327862792932,0.5999852147556739,0.602646558734383,0.5824647002291713,0.6382050713388039,0.6570932209654764,0.6447105788423154,0.6376875877873882,0.6467065868263473,0.6733939528350706,0.6770902639166112,0.6586826347305389,0.6655947364530199,0.6877356398314481,0.6709913506320692
P00489,0.6842164095685223,0.4567777032565765,0.30998956703182057,0.36526566808256944,0.36265742603770773,0.34998882181980767,0.3384752962217751,0.3458715254489902,0.3343952604515985,0.35030553692525523,0.3882368283776735,0.34743647067590727,0.35990014159028244,0.3658059467918623,0.3761085028690662,0.352112676056338,0.34669125866308964,0.37668604217899987,0.3722334004024145,0.36804158283031524,0.35030553692525523,0.36502347417840375,0.3577762873537521,0.32917877636187487,0.32107459572248304,0.3574595722483047,0.3336686787391012,0.36383113495789554,0.34620687085475815,0.31822415977345553,0.3584283478649676,0.3739101274312542,0.3408599746627915
P00636,0.7862173038229376,0.5924547283702213,0.5707243460764587,0.5552313883299799,0.5526156941649899,0.40653923541247483,0.7287726358148894,0.6722334004024144,0.6724346076458753,0.7729376257545271,0.6377263581488933,0.6216297786720322,0.5203219315895373,0.6037223340040241,0.5106639839034206,0.6017102615694164,0.5882293762575452,0.5839034205231388,0.5633802816901408,0.5745472837022132,0.6017102615694165,0.6242454728370221,0.6035211267605634,0.5126760563380282,0.7359154929577465,0.5047283702213279,0.7467806841046277,0.5749496981891348,0.5722334004024145,0.5637826961770623,0.5751509054325956,0.6341046277665996,0.6009054325955735
P00669,0.5431985294117647,0.6856617647058824,0.6893382352941175,0.5193014705882353,0.4963235294117647,0.53125,0.6957720588235294,0.6066176470588236,0.7573529411764706,0.6599264705882353,0.6001838235294118,0.6994485294117647,0.6847426470588236,0.6387867647058824,0.71875,0.65625,0.7123161764705883,0.7022058823529412,0.8005514705882353,0.7959558823529411,0.6470588235294118,0.546875,0.5983455882352942,0.48253676470588236,0.5165441176470589,0.5588235294117647,0.5514705882352942,0.4944852941176471,0.47334558823529416,0.48161764705882354,0.6920955882352943,0.5955882352941176,0.6231617647058824
P00735,0.2556567328918322,0.7493101545253864,0.7250275938189845,0.8058774834437087,0.8857615894039735,0.8547185430463575,0.7676600441501105,0.8264348785871964,0.7724889624724062,0.7087472406181015,0.7272350993377483,0.6966059602649006,0.6056843267108167,0.6109271523178809,0.6454194260485652,0.6479028697571744,0.6539735099337748,0.7248896247240618,0.6672185430463575,0.6542494481236203,0.6382450331125827,0.6850165562913908,0.6374172185430463,0.5644315673289183,0.5093818984547461,0.6908112582781457,0.475855408388521,0.48206401766004414,0.6906732891832229,0.5738134657836644,0.6088576158940397,0.6589403973509934,0.6389348785871964
P00775,0.18638265500190182,0.5503993914035755,0.47394446557626474,0.5329022441993153,0.40243438569798407,0.5249144161278052,0.3141879041460632,0.2422974515024724,0.34842145302396355,0.27919360973754276,0.5241536705971852,0.5713198934956257,0.5796880943324458,0.6675542031190567,0.604031951312286,0.5587675922403956,0.7040699885888171,0.6146823887409661,0.6295169265880562,0.599087105363256,0.4903004944845949,0.6458729554963865,0.5682769113731456,0.6934195511601369,0.4625332826169646,0.4636744009128947,0.43172308862685427,0.5363255990871053,0.6188664891593763,0.4549258273107646,0.7189045264359072,0.7249904906808673,0.6245720806390263
P04629,0.4464646464646465,0.7516339869281046,0.7171122994652407,0.7344028520499108,0.7183303624480095,0.7144385026737968,0.7792038027332145,0.7572786690433748,0.7666072489601902,0.7969102792632203,0.7726975638740345,0.7423054070112893,0.7645276292335116,0.7401663695781342,0.6912953060011884,0.7176470588235294,0.7221628045157458,0.6522578728461081,0.6658645276292335,0.7204693998811645,0.787314319667261,0.7379382055852644,0.7704991087344029,0.6958110516934046,0.684878193701723,0.6184491978609625,0.753030303030303,0.8067142008318479,0.729471182412359,0.6981877599524658,0.7051990493166964,0.7558823529411764,0.7573083778966131
P04711,0.626112535827425,0.45708251621662394,0.5798763011012219,0.41084628149042085,0.5545331120832705,0.5077688942525267,0.5092774174083572,0.5196862271835873,0.5925478956101975,0.5515160657716095,0.4871021270176497,0.525720319806909,0.5130487252979332,0.6068034394327952,0.5699954744305324,0.6135917936340323,0.5167446070297179,0.6201538693618948,0.535827424950973,0.5933021571881129,0.49177854880072414,0.5360537034243475,0.5567204706592247,0.5065620757278624,0.5154623623472621,0.4296273947805098,0.4602504148438678,0.4835570976014482,0.474430532508674,0.5183285563433399,0.5721074068486951,0.5421632222054608,0.5985819882335194
P06169,0.4806405353728489,0.45458891013384317,0.37057839388145314,0.4469407265774379,0.3482313575525813,0.4788479923518164,0.5393164435946463,0.46319311663479923,0.37368546845124284,0.3171606118546845,0.36125717017208414,0.28250478011472274,0.2906309751434034,0.4668977055449331,0.30270076481835567,0.32588432122370936,0.30066921606118546,0.22108030592734224,0.21785372848948376,0.18582695984703632,0.2447418738049713,0.32934990439770556,0.2690009560229446,0.22323135755258128,0.40296367112810705,0.4180210325047802,0.4634321223709369,0.4879302103250478,0.4780114722753346,0.4057122370936903,0.4408460803059273,0.5283221797323137,0.45411089866156795
P06709,0.5789518317503392,0.5691146540027138,0.6733378561736771,0.512466078697422,0.48219131614654,0.5055970149253731,0.5172998643147897,0.658836499321574,0.5965061058344641,0.6612957937584804,0.6520522388059702,0.7940128900949797,0.7712008141112618,0.7595827679782904,0.7723880597014925,0.7737449118046134,0.7603459972862958,0.7564450474898236,0.8118215739484396,0.7600067842605156,0.8195386702849389,0.7413500678426053,0.8474389416553596,0.823015603799186,0.8754240162822253,0.769504748982361,0.755342605156038,0.7621268656716418,0.8526119402985075,0.8113975576662145,0.8045284938941655,0.7895183175033921,0.8003731343283582
P07071,0.7783625730994153,0.5469298245614035,0.6697368421052632,0.5350877192982456,0.5937134502923975,0.44707602339181285,0.6065789473684211,0.7257309941520468,0.6535087719298245,0.4052631578947369,0.564766081871345,0.5758771929824561,0.5866959064327486,0.4621345029239766,0.6476608187134503,0.5396198830409357,0.5783625730994152,0.6179824561403509,0.6584795321637427,0.6263157894736842,0.5846491228070175,0.45804093567251464,0.5230994152046784,0.518859649122807,0.4650584795321637,0.5343567251461988,0.49619883040935675,0.6076023391812866,0.5153508771929824,0.6532163742690058,0.5321637426900585,0.5618421052631579,0.5396198830409358
P07379,0.34061393152302244,0.5109799291617474,0.39067296340023605,0.5956316410861866,0.6085005903187721,0.674025974025974,0.6322314049586776,0.46280991735537186,0.49846517119244393,0.4186540731995277,0.5279811097992916,0.4704840613931523,0.58642266824085,0.6977567886658795,0.5221959858323495,0.48583234946871307,0.4319952774498229,0.5324675324675324,0.42420306965761506,0.503305785123967,0.626564344746163,0.6103896103896104,0.5668240850059032,0.614521841794569,0.5306965761511216,0.5362455726092089,0.7689492325855962,0.69185360094451,0.7409681227863046,0.7512396694214876,0.8142857142857143,0.909681227863046,0.8956316410861865
P09237,0.6730038022813688,0.026615969581749055,0.011406844106463865,0.8821292775665399,0.9201520912547528,0.311787072243346,0.7224334600760456,0.12927756653992395,0.22813688212927752,0.08365019011406849,0.26996197718631176,0.3460076045627376,0.5703422053231939,0.43726235741444863,0.25095057034220536,0.30418250950570347,0.31939163498098855,0.2433460076045627,0.15209125475285168,0.06463878326996197,0.057034220532319435,0.06463878326996197,0.02281368821292773,0.057034220532319435,0.13307984790874527,0.5513307984790874,0.4144486692015209,0.2585551330798479,0.16349809885931554,0.37262357414448666,0.28517110266159695,0.7376425855513308,0.2547528517110266
P09960,0.7598627787307033,0.39184295788069373,0.24547360396417,0.24680769963788834,0.38593481989708406,0.2978845054316752,0.382694873260911,0.3840289689346293,0.3335239184295788,0.45892891175910044,0.4629311987802554,0.3836477987421384,0.4709357728225652,0.46617114541642846,0.47284162378502004,0.36916333142748237,0.284924718886983,0.43205641318848864,0.33028397179340574,0.2367066895368782,0.25214408233276153,0.3809796073947017,0.22241280731846771,0.18925100057175526,0.30341147322279394,0.18753573470554602,0.2986468458166571,0.4211930627024967,0.2973127501429388,0.25080998665904325,0.18029350104821804,0.10367829235753763,0.2508099866590433
P0A1E3,0.8626198083067093,0.7883386581469649,0.14856230031948883,0.4480830670926518,0.40734824281150156,0.6014376996805112,0.476038338658147,0.6373801916932907,0.4976038338658147,0.6333865814696485,0.7252396166134186,0.810702875399361,0.810702875399361,0.7931309904153354,0.8338658146964856,0.7795527156549522,0.8466453674121406,0.8626198083067093,0.7963258785942493,0.7723642172523961,0.5822683706070286,0.7803514376996805,0.7819488817891374,0.3961661341853035,0.29073482428115016,0.6956869009584664,0.36581469648562304,0.5982428115015974,0.5686900958466454,0.6094249201277955,0.786741214057508,0.7531948881789138,0.694888178913738
P0A434,0.48970588235294116,0.5955882352941176,0.36470588235294116,0.7397058823529412,0.5411764705882354,0.7235294117647059,0.6441176470588235,0.39264705882352946,0.3779411764705882,0.4323529411764706,0.3397058823529412,0.5941176470588235,0.5955882352941176,0.7338235294117648,0.5,0.6676470588235294,0.6661764705882354,0.6352941176470588,0.5176470588235293,0.6352941176470588,0.6926470588235294,0.6485294117647059,0.8455882352941176,0.3205882352941177,0.4808823529411765,0.7191176470588236,0.7367647058823529,0.47205882352941175,0.711764705882353,0.6338235294117647,0.5647058823529412,0.5058823529411764,0.6808823529411765
P0A759,0.6693121693121693,0.4828042328042328,0.3333333333333333,0.4444444444444444,0.6878306878306878,0.8082010582010581,0.7658730158730158,0.5542328042328043,0.25793650793650796,0.417989417989418,0.3029100529100529,0.4179894179894179,0.3849206349206349,0.324074074074074,0.3849206349206349,0.2923280423280423,0.26587301587301587,0.30158730158730157,0.2142857142857143,0.2830687830687831,0.31746031746031744,0.41269841269841273,0.23544973544973544,0.28174603174603174,0.33465608465608465,0.3968253968253968,0.31746031746031744,0.40608465608465605,0.27645502645502645,0.31746031746031744,0.33465608465608465,0.4722222222222222,0.4735449735449735
P0A796,0.500219298245614,0.49912280701754386,0.5289473684210526,0.4475877192982456,0.5177631578947368,0.3844298245614035,0.4535087719298246,0.49583333333333335,0.4666666666666667,0.5072368421052631,0.5217105263157895,0.37368421052631584,0.39320175438596494,0.3399122807017544,0.4594298245614035,0.4554824561403509,0.38728070175438595,0.4331140350877193,0.4530701754385965,0.42083333333333334,0.38925438596491224,0.4870614035087719,0.375,0.41535087719298247,0.3243421052631579,0.39758771929824566,0.45899122807017545,0.4157894736842105,0.27631578947368424,0.40482456140350875,0.4263157894736842,0.5903508771929824,0.5331140350877193
P0A962,0.23356269113149847,0.20489296636085627,0.2893730886850153,0.6330275229357798,0.5726299694189603,0.6865443425076453,0.6643730886850153,0.5561926605504587,0.5623088685015291,0.4579510703363914,0.3994648318042814,0.4602446483180428,0.5129969418960245,0.5565749235474007,0.3249235474006116,0.41704892966360857,0.47706422018348627,0.2702599388379205,0.33333333333333337,0.28058103975535165,0.46941896024464835,0.4059633027522936,0.3589449541284404,0.3987003058103975,0.32454128440366975,0.3302752293577982,0.3753822629969419,0.46559633027522934,0.5095565749235473,0.5944189602446484,0.5680428134556575,0.5474006116207951,0.6724006116207951
P0A9T0,0.12060839760068552,0.6707369323050557,0.5796915167095116,0.6765209940017138,0.6478149100257069,0.7232219365895458,0.6505998286203941,0.5002142245072836,0.5029991431019709,0.4708654670094259,0.5556983718937446,0.6107540702656382,0.5751928020565552,0.679305912596401,0.5278491859468724,0.6351756640959725,0.6741645244215938,0.5829048843187661,0.6786632390745502,0.6165381319622965,0.6589545844044558,0.7587832047986289,0.6527420736932305,0.5955441302485004,0.7832047986289632,0.7245072836332476,0.6557412167952014,0.775064267352185,0.7969151670951157,0.577120822622108,0.5220651242502142,0.6266066838046273,0.5850471293916024
P0ABH7,0.43972044263249854,0.37376237623762376,0.2454863133372161,0.3159580663948748,0.23267326732673266,0.2751892836342458,0.2878567268491555,0.3056202679091439,0.2955736750145603,0.3059114735002912,0.3229470005824112,0.3468258590564939,0.3051834595224228,0.2505824111822947,0.244612696563774,0.24868957483983692,0.23412929528246942,0.21228887594641815,0.203843913803145,0.2989225393127548,0.2389341875364007,0.25669772859638906,0.2585905649388468,0.2469423412929528,0.3177052999417589,0.29688410017472333,0.29091438555620264,0.29644729178800233,0.25058241118229474,0.2131624927198602,0.24898078043098426,0.24883517763541058,0.24097262667443214
P0AEE3,0.3706395348837209,0.38226744186046513,0.559593023255814,0.36627906976744184,0.3575581395348837,0.11482558139534882,0.2805232558139535,0.4796511627906977,0.5203488372093024,0.3604651162790698,0.6206395348837209,0.49127906976744184,0.3866279069767442,0.4665697674418605,0.5930232558139534,0.6380813953488372,0.5334302325581395,0.6395348837209303,0.6061046511627907,0.7688953488372093,0.498546511627907,0.5261627906976745,0.436046511627907,0.1816860465116279,0.6090116279069767,0.5232558139534884,0.48691860465116277,0.5915697674418605,0.7587209302325582,0.3938953488372093,0.7805232558139534,0.8313953488372092,0.9069767441860466
P10253,0.41420940170940174,0.3633547008547009,0.6185897435897436,0.6091880341880342,0.642094017094017,0.652457264957265,0.7004273504273505,0.7475427350427352,0.7188034188034188,0.7760683760683761,0.7042735042735043,0.763034188034188,0.7544871794871795,0.760576923076923,0.7026709401709401,0.7402777777777778,0.8129273504273504,0.7538461538461538,0.6989316239316239,0.8302350427350427,0.8378205128205128,0.8353632478632479,0.7229700854700855,0.8411324786324786,0.826068376068376,0.8205128205128205,0.8285256410256411,0.7802350427350427,0.7099358974358975,0.7409188034188035,0.6425213675213676,0.6961538461538461,0.6652777777777779
P11974,0.5045974155069582,0.481734592445328,0.4304174950298211,0.5227385685884691,0.4837226640159045,0.5024850894632207,0.4643389662027833,0.4422216699801193,0.4355119284294235,0.42196819085487075,0.46558151093439365,0.3645626242544731,0.4050695825049702,0.4141401590457257,0.4055666003976143,0.43899105367793245,0.3828280318091451,0.35213717693836977,0.40357852882703776,0.37959741550695825,0.40693339960238567,0.38630715705765406,0.46222664015904563,0.3633200795228628,0.36319582504970177,0.34244532803180916,0.41190357852882703,0.4382455268389662,0.39786282306163023,0.43103876739562624,0.4775099403578529,0.44793737574552683,0.4740308151093439
P13491,0.4280135823429541,0.5188455008488965,0.6219015280135823,0.5258064516129033,0.5427843803056027,0.5575551782682512,0.63106960950764,0.6713073005093377,0.6784380305602716,0.6444821731748727,0.63446519524618,0.6307300509337861,0.600509337860781,0.5405772495755518,0.5492359932088285,0.5808149405772496,0.6195246179966044,0.6553480475382003,0.6093378607809846,0.6103565365025467,0.6835314091680814,0.6940577249575552,0.6697792869269948,0.7266553480475382,0.6803056027164686,0.7283531409168081,0.6556876061120543,0.7417657045840407,0.8159592529711376,0.8227504244482173,0.8039049235993209,0.8473684210526315,0.8397283531409168
P14193,0.3002811142346026,0.48121645796064405,0.30437004855609506,0.39994888832098136,0.5553283925376948,0.5192946588295426,0.4671607462305137,0.3835931510350115,0.36391515461282903,0.41477127523639157,0.34551495016611294,0.2990033222591362,0.292358803986711,0.20316892409915668,0.2941477127523639,0.33503705596728856,0.32430360337337083,0.2949143879376438,0.3401482238691541,0.3938154868387427,0.3682596473294148,0.4750830564784053,0.314336825964733,0.4260158446204958,0.540761564017378,0.46051622795808844,0.40659340659340665,0.36468182979810887,0.4063378481983133,0.45744952721696913,0.4283158701763353,0.5732174801942245,0.6107845642729364
P14780,0.7407407407407408,0.767094017094017,0.2257834757834758,0.7998575498575498,0.665954415954416,0.717948717948718,0.8190883190883191,0.5890313390313391,0.44515669515669515,0.44729344729344733,0.5284900284900285,0.4522792022792023,0.6367521367521367,0.5477207977207977,0.4423076923076923,0.4665242165242165,0.4337606837606838,0.5562678062678064,0.3575498575498575,0.45940170940170943,0.594017094017094,0.5797720797720798,0.6260683760683761,0.8262108262108262,0.42806267806267806,0.8782051282051282,0.6111111111111112,0.3660968660968661,0.8069800569800569,0.6445868945868947,0.6381766381766382,0.7314814814814815,0.5235042735042734
P17707,0.5285016286644951,0.41368078175895767,0.6767100977198697,0.5382736156351792,0.5451954397394136,0.5753257328990229,0.5659609120521173,0.5451954397394136,0.49552117263843654,0.5749185667752443,0.4556188925081433,0.5175081433224755,0.4780130293159609,0.5199511400651466,0.4914495114006515,0.4592833876221498,0.4543973941368078,0.4857491856677524,0.4535830618892508,0.4600977198697069,0.43933224755700323,0.5101791530944626,0.5329804560260587,0.43363192182410426,0.5297231270358307,0.5260586319218241,0.6864820846905537,0.6632736156351792,0.7109120521172638,0.6490228013029317,0.5773615635179153,0.6172638436482085,0.44014657980456023
P18031,0.6083959899749374,0.6737468671679198,0.7766290726817042,0.6224310776942356,0.7895989974937343,0.7102756892230576,0.725062656641604,0.7738721804511278,0.8099624060150376,0.8277568922305764,0.8038220551378445,0.7676691729323308,0.7855263157894736,0.7944235588972431,0.7898496240601505,0.8097744360902256,0.761904761904762,0.7733082706766917,0.787781954887218,0.8033834586466165,0.7716791979949875,0.7859022556390978,0.7184210526315788,0.7340852130325815,0.7427318295739349,0.7171679197994988,0.6869047619047619,0.6904761904761905,0.7513784461152881,0.7000626566416039,0.7302631578947368,0.7466165413533834,0.7137218045112783
P18654,0.354455216989843,0.5635964912280702,0.5317405355493998,0.6945983379501385,0.5060018467220684,0.4909972299168975,0.35156971375807944,0.31048014773776544,0.46733610341643583,0.4426361957525392,0.46387349953831947,0.4951523545706371,0.5228531855955679,0.5896814404432132,0.594067405355494,0.48107109879963067,0.5503231763619575,0.45983379501385047,0.5877192982456141,0.5660203139427515,0.605724838411819,0.619921514312096,0.5518236380424746,0.4557940904893813,0.5111957525392429,0.6276546629732225,0.5756001846722067,0.5843721144967682,0.6367728531855956,0.5649815327793166,0.6083795013850415,0.4856879039704525,0.44136657433056325
P19367,0.5927584919746174,0.42702500933184023,0.6105263157894737,0.35655095184770436,0.4821201941022769,0.6029115341545352,0.5837999253452781,0.5814856289660321,0.5711086226203808,0.6211272863008586,0.5847704367301232,0.49578200821201945,0.6268010451661068,0.7284807764091079,0.692347891004106,0.692795819335573,0.7678238148562897,0.596267263904442,0.6476297125793207,0.67331093691676,0.709070548712206,0.7345278088839119,0.7832026875699887,0.8724897349757372,0.8800298618887645,0.8526315789473684,0.8714445688689809,0.8463605823068308,0.9003359462486002,0.9426651735722285,0.9054124673385592,0.9066069428891378,0.8294886151549086
P22498,0.6614110707803993,0.3476633393829401,0.46211433756805803,0.47334392014519056,0.5328947368421053,0.5659029038112523,0.4841197822141561,0.4447595281306715,0.5159936479128857,0.39076678765880213,0.4703947368421053,0.48275862068965514,0.5313067150635209,0.5162205081669691,0.49897912885662427,0.5389065335753176,0.5002268602540835,0.4496370235934664,0.5243874773139746,0.46245462794918335,0.4752722323049001,0.4435117967332123,0.5127041742286751,0.412431941923775,0.4036978221415608,0.4683529945553539,0.6191016333938294,0.675589836660617,0.6183076225045372,0.5325544464609799,0.6868194192377495,0.6827359346642468,0.7053085299455536
P23368,0.7906924460431655,0.5681205035971223,0.4449190647482014,0.627248201438849,0.5935251798561151,0.4442446043165468,0.6758093525179857,0.6074640287769784,0.6090377697841727,0.5829586330935251,0.583408273381295,0.4772931654676259,0.5195593525179856,0.48673561151079137,0.4017535971223022,0.4505395683453237,0.41973920863309355,0.5114658273381295,0.506070143884892,0.591726618705036,0.5762140287769784,0.6110611510791366,0.5705935251798561,0.41906474820143885,0.3961330935251799,0.3592625899280576,0.3464478417266187,0.3619604316546763,0.3891636690647482,0.35701438848920863,0.5523830935251799,0.5121402877697842,0.4159172661870504
P23921,0.6743165974778726,0.4634604840604684,0.35462520560820865,0.36359363985274534,0.3693506696953082,0.43659434479517506,0.35282368606563796,0.35595676353097827,0.4240620349338137,0.3802381138873659,0.39410198167149685,0.4372601237565598,0.3823529411764706,0.24763061016683638,0.4054593874833555,0.3016761964439571,0.3530586668755385,0.3567008694289966,0.2985039555103,0.3260358737369782,0.3441685595676353,0.39006814443487114,0.38779666327249945,0.39555102999921676,0.48159316989112555,0.4060468395081069,0.4639304456802694,0.47434792825252603,0.43330461345656773,0.49193232552674865,0.49502623952377217,0.4681601002584789,0.41199968669225345
P24941,0.6896436896436897,0.61005661005661,0.6425241425241426,0.644855144855145,0.40542790542790536,0.4711954711954712,0.6548451548451548,0.6933066933066933,0.7014652014652014,0.7316017316017316,0.6302031302031302,0.6185481185481185,0.6163836163836164,0.6000666000666001,0.653013653013653,0.5825840825840827,0.6363636363636364,0.6495171495171496,0.6356976356976356,0.6678321678321678,0.7224442224442224,0.6643356643356644,0.7319347319347319,0.6476856476856476,0.5759240759240759,0.6598401598401598,0.7594072594072593,0.7159507159507159,0.6943056943056943,0.7429237429237429,0.6888111888111887,0.7126207126207127,0.678987678987679
P27443,0.7836734693877552,0.753061224489796,0.7229024943310658,0.6224489795918366,0.7052154195011338,0.6825396825396826,0.8113378684807256,0.7689342403628118,0.8081632653061225,0.8433106575963719,0.8015873015873015,0.7587301587301587,0.7795918367346939,0.773015873015873,0.700453514739229,0.7501133786848073,0.7582766439909298,0.8090702947845805,0.782312925170068,0.8312925170068027,0.8312925170068027,0.784126984126984,0.7678004535147392,0.5997732426303855,0.5242630385487529,0.583219954648526,0.5281179138321995,0.5662131519274377,0.5755102040816327,0.5575963718820862,0.7657596371882087,0.6612244897959183,0.6664399092970522
P29466,0.3247863247863248,0.6034188034188034,0.9247863247863247,0.8709401709401708,0.5324786324786325,0.7213675213675215,0.9042735042735043,0.7965811965811966,0.8358974358974358,0.8888888888888888,0.7589743589743588,0.7324786324786324,0.7606837606837608,0.8487179487179487,0.7512820512820513,0.7572649572649572,0.8564102564102565,0.8094017094017094,0.8393162393162392,0.7666666666666667,0.9094017094017094,0.9547008547008548,0.9051282051282051,0.9128205128205128,0.9196581196581196,0.7589743589743589,0.7487179487179486,0.9239316239316239,0.8341880341880342,0.8623931623931624,0.9179487179487179,0.8948717948717949,0.941025641025641
P31129,0.8563218390804598,0.4137931034482758,0.15402298850574708,0.45747126436781604,0.16896551724137934,0.4781609195402299,0.5367816091954023,0.503448275862069,0.6758620689655173,0.7701149425287356,0.7908045977011493,0.6068965517241379,0.7678160919540229,0.6735632183908047,0.3540229885057471,0.17356321839080457,0.48160919540229885,0.14252873563218393,0.2436781609195402,0.18045977011494255,0.20459770114942533,0.35977011494252875,0.34597701149425286,0.10689655172413792,0.6183908045977011,0.45862068965517233,0.3436781609195402,0.5344827586206896,0.8655172413793103,0.6735632183908046,0.7022988505747126,0.5954022988505747,0.5057471264367817
P31153,0.5107843137254902,0.4427170868347339,0.6882352941176471,0.7600840336134453,0.7032212885154061,0.6642857142857144,0.6841736694677871,0.7044817927170868,0.6504201680672269,0.5934173669467787,0.6815126050420168,0.6719887955182073,0.6257703081232493,0.5962184873949581,0.5519607843137255,0.6417366946778711,0.523249299719888,0.6661064425770308,0.6309523809523809,0.6162464985994398,0.6805322128851541,0.7683473389355742,0.7392156862745098,0.665126050420168,0.6889355742296919,0.6301120448179272,0.592016806722689,0.5932773109243697,0.6880952380952381,0.6607843137254901,0.6296918767507003,0.6676470588235294,0.6141456582633054
P31749,0.7310690423162584,0.6092904867960547,0.6165287941457207,0.6146993318485523,0.5312599427298759,0.6352211263124404,0.6562997136493796,0.6788100540884505,0.6367324212535794,0.6417435571110405,0.6656061088132357,0.6364937957365574,0.6885141584473433,0.6542316258351892,0.7296372892141266,0.6415844734330257,0.6656061088132357,0.6501749920458161,0.695672923958002,0.6742761692650333,0.6944002545338849,0.7060929048679605,0.6708558701877188,0.5995863824371619,0.62010817690105,0.6090518612790329,0.6828666878778238,0.6918549156856506,0.6637766465160674,0.6706967865097041,0.7146834234807508,0.6538339166401528,0.6897868278714604
P35557,0.5776849642004773,0.540453460620525,0.544689737470167,0.5569212410501193,0.45393794749403343,0.4755966587112172,0.4217780429594273,0.5008949880668258,0.49134844868735084,0.5028639618138424,0.49671837708830546,0.5474343675417661,0.5594868735083532,0.5337708830548926,0.6112768496420048,0.5405727923627686,0.5437350835322196,0.5440334128878281,0.5522673031026254,0.5828162291169451,0.5282219570405727,0.5045346062052506,0.5068019093078759,0.4435560859188544,0.45805489260143195,0.42696897374701676,0.42368735083532216,0.4214200477326969,0.5379474940334129,0.528162291169451,0.4911097852028639,0.584546539379475,0.5135441527446301
P36888,0.4326751656631572,0.7438864408490026,0.7580140603451175,0.783780147330889,0.7751353896868378,0.7671970130175922,0.8286185206364156,0.8381042080123785,0.8125063069729894,0.8394833327727134,0.8350768609774967,0.8464798681422181,0.8553600861112045,0.850684516801776,0.7852601836590534,0.8197046654781526,0.8606747620168858,0.7345689394194221,0.8251875273302163,0.795082242927781,0.89649836859632,0.8453362037068184,0.8850953614315988,0.8596992835278685,0.909751421171247,0.8511554374516465,0.9208516936324801,0.8660903494903965,0.9152679202125871,0.9024185139089778,0.9111305459315819,0.9149651855090989,0.9175552490833867
P42574,0.18027210884353742,0.3319160997732426,0.26303854875283444,0.447562358276644,0.5938208616780045,0.6145124716553289,0.4013605442176871,0.20975056689342403,0.2950680272108843,0.28656462585034015,0.2698412698412698,0.2514172335600907,0.2973356009070295,0.3018707482993197,0.1703514739229025,0.29365079365079366,0.288265306122449,0.26332199546485263,0.2811791383219955,0.3018707482993197,0.31094104308390025,0.32341269841269843,0.2806122448979592,0.4688208616780045,0.503968253968254,0.4606009070294785,0.30272108843537415,0.4824263038548753,0.4399092970521542,0.6159297052154195,0.6034580498866213,0.7236394557823129,0.6561791383219955
P42676,0.7534701857282502,0.28308895405669593,0.2401270772238514,0.2636363636363636,0.2766862170087977,0.24442815249266858,0.34090909090909094,0.24633431085043986,0.24916911045943302,0.27287390029325514,0.29848484848484846,0.31006842619745845,0.4318670576735093,0.36779081133919844,0.43709677419354837,0.3234115347018573,0.3429130009775171,0.39452590420332356,0.41138807429130014,0.3196480938416422,0.19379276637341153,0.17668621700879764,0.19828934506353862,0.22375366568914956,0.2378787878787879,0.22360703812316715,0.29467253176930597,0.2957966764418377,0.3004398826979472,0.3349951124144673,0.3970185728250244,0.33787878787878783,0.4258064516129032
P43235,0.33114754098360655,0.5696174863387977,0.6290710382513661,0.4225136612021858,0.6627322404371585,0.48109289617486334,0.5068852459016393,0.579672131147541,0.6231693989071039,0.6297267759562841,0.6747540983606557,0.5930054644808743,0.5849180327868853,0.5309289617486339,0.6163934426229508,0.533551912568306,0.6410928961748634,0.6821857923497268,0.6469945355191257,0.6837158469945355,0.6284153005464481,0.6450273224043717,0.6340983606557378,0.5707103825136612,0.49202185792349734,0.5790163934426229,0.5925683060109289,0.47890710382513657,0.5189071038251366,0.5560655737704918,0.5586885245901639,0.5337704918032786,0.425792349726776
P45983,0.5023395096387797,0.5315365899307505,0.6964252292719446,0.7671720007486431,0.5751450495976044,0.6565599850271383,0.7782144862436833,0.6369081040613888,0.6835111360658805,0.6533782519183979,0.7256223095639154,0.6679767920643833,0.592363840539023,0.5644768856447688,0.5251731237132697,0.6101441137937489,0.5785139434774471,0.6516938049784765,0.6241811716264272,0.5961070559610706,0.6284858693617819,0.5214299082912222,0.5259217667976792,0.3587871982032566,0.5526857570653192,0.5614823133071308,0.4171813587871982,0.5025266704098821,0.6019090398652442,0.5386486992326408,0.6413999625678458,0.6629234512446192,0.6341006924948531
P46926,0.5965270684371807,0.7058222676200204,0.6850527749404154,0.5386448757235274,0.5689479060265578,0.7017364657814096,0.574395641811372,0.599591419816139,0.6281920326864147,0.5532856656452162,0.6183180115764386,0.7088866189989785,0.6646237657473613,0.5883554647599591,0.658835546475996,0.6295539666326184,0.5914198161389173,0.655090228123936,0.6421518556350017,0.6384065372829418,0.6925434116445351,0.6527068437180797,0.6329588014981273,0.6496424923391216,0.5709908069458631,0.6833503575076608,0.6435137895812053,0.6387470207694926,0.5665645216207014,0.6612189308818522,0.6523663602315287,0.675859720803541,0.581886278515492
P49427,0.5970622119815668,0.47494239631336405,0.5999423963133641,0.6880760368663594,0.529089861751152,0.6869239631336406,0.7508640552995391,0.7180299539170507,0.6964285714285714,0.7298387096774194,0.6270161290322581,0.6065668202764977,0.6091589861751152,0.6391129032258064,0.6088709677419355,0.6103110599078341,0.6310483870967742,0.6244239631336406,0.5345622119815668,0.6201036866359447,0.6756912442396313,0.7010368663594471,0.709389400921659,0.6445852534562212,0.6653225806451613,0.6267281105990783,0.6054147465437788,0.6215437788018433,0.6653225806451613,0.6301843317972351,0.6474654377880185,0.6399769585253456,0.4475806451612903
P49902,0.4977241568412394,0.5163696188648204,0.5262955854126679,0.5345763641349054,0.48615300246778176,0.41880998080614207,0.4745270085001371,0.4943241020016451,0.5426926240745819,0.5398958047710447,0.527831094049904,0.582670688236907,0.5736769947902385,0.5907321085823966,0.5846449136276392,0.5499314505072662,0.6042774883465862,0.5604058129969838,0.5902385522347134,0.5200438716753496,0.5020016451878255,0.5369893062791335,0.600822593912805,0.5704414587332054,0.6516040581299698,0.6077872223745544,0.6261036468330134,0.6787496572525364,0.6235810255004113,0.564957499314505,0.6106388812722786,0.6354263778448039,0.5935837674801205
P52731,0.7427318295739348,0.3644110275689223,0.29467418546365914,0.25125313283208023,0.3090225563909774,0.23759398496240602,0.30043859649122806,0.2892857142857143,0.3307017543859649,0.4330827067669173,0.39974937343358397,0.5229323308270677,0.5102756892230575,0.5819548872180451,0.6475563909774437,0.4283208020050125,0.4845238095238096,0.5890350877192982,0.4332080200501253,0.4362155388471178,0.21152882205513784,0.21635338345864663,0.18527568922305762,0.22155388471177945,0.18182957393483706,0.1651002506265664,0.18013784461152882,0.2728070175438596,0.21572681704260652,0.32286967418546364,0.29172932330827067,0.2274436090225564,0.17343358395989972
P53608,0.21153846153846154,0.3423076923076923,0.5427350427350427,0.44401709401709405,0.7846153846153846,0.5974358974358974,0.5980769230769231,0.4211538461538462,0.5506410256410257,0.2826923076923077,0.40384615384615385,0.447008547008547,0.38717948717948714,0.36517094017094015,0.3692307692307692,0.3976495726495727,0.35085470085470083,0.37777777777777777,0.45918803418803417,0.48888888888888893,0.46111111111111114,0.3324786324786325,0.3094017094017094,0.5579059829059829,0.3623931623931624,0.38397435897435894,0.3297008547008547,0.3472222222222222,0.4376068376068376,0.48311965811965807,0.3908119658119658,0.4615384615384615,0.38760683760683756
P53671,0.5615763546798029,0.8021978021978022,0.834722748515852,0.7757357584943791,0.8047871668561324,0.7523683213338386,0.7985347985347986,0.8817733990147782,0.8739421498042188,0.8755841859290134,0.8565744600227359,0.8608058608058609,0.8549324238979411,0.8671845395983326,0.8859416445623343,0.845774914740432,0.8687634204875584,0.872173803208286,0.8769104458759631,0.8580270304408235,0.9022356953391436,0.8815839333080713,0.9154351395730707,0.8804471390678288,0.7833143867626626,0.8442591890867753,0.826133636478464,0.8508904888215233,0.8830996589617279,0.9048250599974738,0.8863205759757484,0.8757104964001516,0.9010989010989011
P53704,0.3693852775631829,0.5566714490674318,0.467608431740426,0.3715925394548063,0.22359562962145457,0.4018320273700475,0.2761284626420925,0.3894713607769562,0.31585917669131447,0.4363756759739543,0.4139719677739764,0.3676194680498841,0.38737446197991393,0.4219181105838208,0.24246771879483503,0.282198432844057,0.2606776294007284,0.27038958172387156,0.2754662840746055,0.33440017658095134,0.3744619799139168,0.3516168193356142,0.3850568369937093,0.41419269396313874,0.28396424235735573,0.35702461097009164,0.39256152742522904,0.5270941397196778,0.2695066769672222,0.3479748372144355,0.49718574108818014,0.2583600044145238,0.1655446418717581
P54578,0.46485042735042736,0.538034188034188,0.5162393162393162,0.6525641025641026,0.5912393162393162,0.7142094017094016,0.6085470085470086,0.6351495726495726,0.5669871794871795,0.5016025641025641,0.5081196581196581,0.576602564102564,0.5301282051282051,0.6447649572649572,0.5745726495726496,0.6496794871794872,0.6331196581196581,0.6091880341880341,0.6103632478632479,0.5941239316239317,0.6657051282051282,0.6862179487179487,0.6333333333333333,0.6814102564102564,0.6456196581196582,0.6748931623931623,0.6798076923076923,0.733440170940171,0.7415598290598291,0.7197649572649573,0.7950854700854701,0.7865384615384615,0.9009615384615385
P54830,0.6410299704516673,0.8574081891093289,0.8470240607851414,0.8571549176867876,0.739046010975095,0.7894470240607852,0.8245673279864922,0.8381595609962009,0.8537779653862388,0.8564795272266779,0.8887294216969186,0.8886449978894048,0.8662726888982694,0.8617982271000422,0.8694807935837907,0.8836639932460955,0.8590122414520895,0.8920219501899536,0.854959898691431,0.8934571549176867,0.8033769523005487,0.83723089911355,0.7840439003799071,0.8560574081891094,0.8967496834107218,0.8979316167159139,0.8639932460953988,0.8006753904601098,0.8670325031658928,0.8018573237653018,0.8373153229210637,0.8061629379485016,0.8206838328408612
P55210,0.3897520661157025,0.5781818181818181,0.7512396694214876,0.6714049586776859,0.6985123966942148,0.628595041322314,0.6747107438016529,0.7105785123966942,0.7239669421487603,0.6274380165289257,0.7142148760330579,0.6882644628099173,0.7421487603305785,0.7153719008264463,0.7254545454545455,0.6823140495867769,0.6768595041322314,0.6938842975206612,0.7287603305785124,0.7084297520661157,0.7398347107438017,0.727603305785124,0.6836363636363636,0.7474380165289256,0.6479338842975206,0.73900826446281,0.6629752066115703,0.7958677685950413,0.6973553719008265,0.7009917355371901,0.7224793388429752,0.6862809917355372,0.6414876033057851
P55212,0.49236641221374045,0.4305343511450382,0.6729770992366413,0.5074809160305344,0.6314503816793894,0.5227480916030535,0.6051908396946565,0.6755725190839694,0.6584732824427482,0.6462595419847329,0.6630534351145038,0.6212213740458016,0.648854961832061,0.6154198473282443,0.6116030534351145,0.6108396946564886,0.5938931297709924,0.6258015267175572,0.6012213740458016,0.6129770992366412,0.6074809160305343,0.6129770992366412,0.6051908396946565,0.62793893129771,0.5789312977099236,0.5490076335877863,0.5709923664122137,0.6607633587786259,0.6416793893129771,0.5938931297709924,0.5867175572519084,0.5722137404580153,0.5650381679389314
P63279,0.5844155844155844,0.5714285714285714,0.538961038961039,0.3246753246753247,0.12337662337662336,0.5844155844155844,0.3311688311688312,0.4155844155844156,0.48051948051948057,0.8116883116883117,0.38961038961038963,0.43506493506493504,0.3246753246753247,0.4545454545454546,0.7142857142857143,0.6428571428571428,0.49350649350649356,0.4545454545454546,0.6168831168831168,0.4675324675324676,0.538961038961039,0.18181818181818177,0.5194805194805194,0.48051948051948057,0.40909090909090906,0.30519480519480524,0.4415584415584416,0.4285714285714286,0.6428571428571428,0.3441558441558441,0.2857142857142857,0.16883116883116878,0.4025974025974026
P68400,0.7326297273526825,0.7481676927587217,0.545587804163002,0.6294341835238932,0.34769862210495456,0.4872471416007036,0.6678393433010847,0.6259161536206391,0.653767223688068,0.7390794488419818,0.6291410143652887,0.62532981530343,0.6414541190266784,0.6265024919378481,0.6396951040750513,0.6429199648197009,0.6391087657578423,0.6493696863090003,0.567282321899736,0.5364995602462621,0.6103781882145998,0.535326883611844,0.682204632072706,0.633245382585752,0.6572852535913222,0.5156845499853415,0.6924655526238639,0.5385517443564937,0.6141893872764586,0.45675754910583405,0.5068894752272062,0.43330401641747285,0.4816769275872178
P9WI55,0.49507389162561577,0.6975369458128079,0.8492610837438425,0.5522167487684729,0.5305418719211823,0.6615763546798029,0.5620689655172413,0.7261083743842365,0.8571428571428572,0.645320197044335,0.7916256157635468,0.7729064039408867,0.7009852216748769,0.5625615763546798,0.7635467980295567,0.753694581280788,0.722167487684729,0.7724137931034483,0.8004926108374384,0.8044334975369458,0.6551724137931034,0.6275862068965516,0.6926108374384237,0.34039408866995075,0.596551724137931,0.4724137931034483,0.5916256157635468,0.6571428571428571,0.48768472906403937,0.6152709359605911,0.6719211822660098,0.5275862068965518,0.6231527093596059
P9WQN9,0.5698863636363636,0.7974431818181819,0.8255681818181818,0.7616477272727273,0.8446022727272726,0.8704545454545454,0.899715909090909,0.921875,0.9224431818181819,0.8474431818181818,0.9125,0.921875,0.909375,0.9133522727272727,0.8528409090909091,0.9312499999999999,0.8792613636363635,0.9289772727272727,0.9019886363636364,0.9301136363636363,0.9298295454545455,0.9150568181818182,0.9468749999999999,0.809090909090909,0.806534090909091,0.865340909090909,0.7451704545454545,0.806534090909091,0.8133522727272727,0.80625,0.812784090909091,0.7451704545454545,0.7832386363636363
Q01217,0.5279266188357098,0.5395513577331759,0.37580601216964854,0.3228589592225956,0.37408046498955594,0.31595677050222504,0.38379802016165654,0.30778312596494417,0.39533194078648626,0.3236763236763237,0.42321315048587776,0.417854872400327,0.36309145400054493,0.24611751884479158,0.4117700481336845,0.44464626282808106,0.4193079647625102,0.4237580601216965,0.38189083643629096,0.4542729997275452,0.4503678140041777,0.46199255290164387,0.30760148941967125,0.20297883934247568,0.16147488874761606,0.21959858323494688,0.23758060121696487,0.18390700208882027,0.2047952047952048,0.18399782036145673,0.37144673508309867,0.14785214785214787,0.28698574153119605
Q05769,0.6185544998398633,0.590050176150315,0.6165794811572541,0.5370449450197502,0.5587701505284509,0.6070246610440909,0.6219173694886303,0.6367566990498559,0.6711860787872318,0.6201558663392761,0.703747197608626,0.6813814455001602,0.7067897939575104,0.6835699797160243,0.6704387744208391,0.6615778797907548,0.6804740044838262,0.7488523540087542,0.700384327959859,0.738603608412512,0.6701718800042703,0.6983559303939362,0.6889078680474005,0.6443898793637237,0.6442831215970961,0.6770043770684318,0.664620476139639,0.6663286004056795,0.6803138678338849,0.673161097469841,0.7331055834311946,0.7112202412725526,0.7106330735561012
Q06124,0.4848888888888889,0.34744444444444444,0.2847777777777778,0.3858518518518519,0.3778888888888889,0.36992592592592594,0.39948148148148144,0.39625925925925926,0.37466666666666665,0.3426666666666667,0.37155555555555553,0.32066666666666666,0.39055555555555554,0.4475925925925926,0.3655925925925926,0.4638518518518518,0.39348148148148143,0.3645925925925926,0.3216296296296296,0.3413703703703704,0.3930370370370371,0.38559259259259254,0.3582222222222222,0.44185185185185183,0.39214814814814813,0.42962962962962964,0.4195185185185185,0.3217037037037037,0.46299999999999997,0.5284444444444445,0.3244074074074074,0.44466666666666665,0.430037037037037
Q08698,0.543908472479901,0.4053803339517625,0.35631828488971345,0.43248814677386105,0.23118944547515977,0.32137703566274994,0.4938157081014224,0.5275200989486704,0.4710368996083282,0.4444444444444444,0.4836116264687693,0.4572253143681715,0.4435168006596578,0.22284065141207998,0.4345495774067203,0.2593279736136879,0.3692022263450835,0.266955266955267,0.2764378478664193,0.3242630385487528,0.43980622552051124,0.523397237682952,0.4709338280766852,0.5291692434549577,0.7758194186765616,0.5428777571634714,0.6491445062873634,0.6892393320964749,0.6470830756545042,0.7267573696145124,0.6618223046794475,0.6664605236033807,0.5830756545042259
Q12650,0.14663023679417123,0.392936652499494,0.18801861971260878,0.3290831815421979,0.22829386763812992,0.262193887876948,0.1943938473993119,0.20491803278688522,0.22576401538150173,0.2058287795992714,0.2853673345476624,0.18214936247723132,0.39151993523578227,0.22647237401335762,0.3491196114146934,0.20926937866828577,0.28789718680429066,0.36682857721109086,0.33049989880590974,0.4016393442622951,0.2976118194697429,0.21807326452135195,0.3342440801457195,0.18073264521351953,0.35681036227484314,0.5879376644403966,0.4222829386763812,0.2917425622343655,0.46832624974701476,0.558287795992714,0.4251163732038049,0.6175875328880793,0.524488969844161
Q13153,0.5672186197313571,0.844951366373321,0.7969546086150996,0.7637216303844372,0.7359888837424734,0.8030338119499768,0.8007179249652616,0.8677628531727652,0.8559518295507179,0.8991431218156554,0.8307665585919408,0.8386984715145901,0.8342982862436313,0.8416512274201019,0.8475567392311255,0.8406090782769801,0.853520148216767,0.8761000463177396,0.8579782306623436,0.8692102825382122,0.8656206577119036,0.8598888374247337,0.9281496062992125,0.9056276053728578,0.8704261232051875,0.8402616952292729,0.8913270032422418,0.9217230199166281,0.8695576655859194,0.8745947197776749,0.8882584529874942,0.8765053265400649,0.8990273274664197
Q13164,0.8225709475709476,0.8113275613275613,0.8364598364598365,0.8677248677248677,0.7408008658008658,0.6742424242424243,0.7993025493025492,0.8398268398268398,0.8442760942760942,0.8617724867724867,0.8238936988936989,0.7955146705146705,0.8013468013468014,0.7901034151034151,0.7667147667147668,0.7572751322751323,0.8167989417989417,0.8035714285714286,0.8075396825396824,0.8253367003367003,0.8307479557479558,0.8274410774410775,0.8763828763828764,0.8355579605579606,0.804052429052429,0.8425925925925927,0.8845598845598845,0.8472222222222222,0.8449374699374699,0.847041847041847,0.8448773448773449,0.8718734968734969,0.8849206349206349
Q13547,0.6360184879498184,0.5135358204027732,0.4683063717398481,0.5148563882469461,0.5879828326180258,0.49422251568174314,0.6307362165731265,0.45807197094750746,0.4584021129085507,0.45130406074612084,0.43298118190822055,0.411687025420931,0.380488610102344,0.5275668537471112,0.5207989435457246,0.5798943545724662,0.5845163420270716,0.5463849455265765,0.5310333443380654,0.4843182568504457,0.4138329481677121,0.4423902277979531,0.4541102674149885,0.346649059095411,0.4839881148894024,0.4574116870254209,0.4409045889732585,0.4810168372400132,0.6515351601188512,0.4866292505777485,0.622152525586002,0.5503466490590954,0.604159788709145
Q13976,0.41528614457831325,0.23606927710843373,0.42884036144578314,0.2477409638554217,0.40512048192771083,0.16679216867469876,0.35240963855421686,0.3942018072289157,0.16792168674698793,0.3648343373493976,0.18750000000000003,0.18486445783132532,0.15587349397590358,0.2323042168674699,0.2936746987951807,0.3599397590361446,0.20067771084337346,0.3362198795180723,0.4503012048192771,0.28125,0.3392319277108434,0.4224397590361446,0.5700301204819277,0.5259789156626506,0.6144578313253012,0.5523343373493976,0.6366716867469879,0.3561746987951807,0.49397590361445787,0.44088855421686746,0.3012048192771084,0.39721385542168675,0.23983433734939757
Q14790,0.0936842105263158,0.6132163742690058,0.5966081871345029,0.6864327485380117,0.6907602339181287,0.7239766081871345,0.5533333333333332,0.5785964912280701,0.5870175438596491,0.6039766081871345,0.4707602339181287,0.512748538011696,0.5447953216374268,0.5780116959064328,0.4767251461988304,0.571578947368421,0.5321637426900585,0.5550877192982456,0.5690058479532164,0.5810526315789474,0.6026900584795322,0.595906432748538,0.6032748538011696,0.6380116959064328,0.7290058479532164,0.6869005847953216,0.5543859649122806,0.6653801169590643,0.627953216374269,0.6562573099415204,0.7192982456140351,0.7546198830409356,0.7516959064327485
Q26998,0.5335440814892871,0.4032314717246224,0.4380049174569723,0.5384615384615384,0.3842641376887952,0.6027397260273972,0.5026343519494205,0.47242711626273276,0.4931506849315069,0.5437302423603794,0.5521601685985248,0.4559185107130313,0.4541622760800843,0.4193888303477345,0.4541622760800843,0.4267650158061117,0.43414120126448896,0.476290832455216,0.5019318580962417,0.4629434492448191,0.4390586582367405,0.5005268703898842,0.46153846153846156,0.5978222690551458,0.4295749912188268,0.40217773094485426,0.46153846153846156,0.3990165086055497,0.5135230066736917,0.44854232525465404,0.5022831050228311,0.5338953284158764,0.4176325957147875
Q2G036,0.3085106382978723,0.9202127659574468,0.925531914893617,0.9468085106382979,0.6542553191489362,0.601063829787234,0.7819148936170213,0.8723404255319149,0.7446808510638299,0.5691489361702128,0.6861702127659575,0.7819148936170213,0.7446808510638299,0.574468085106383,0.851063829787234,0.5957446808510638,0.7340425531914894,0.9414893617021276,0.7180851063829787,0.7819148936170213,0.7712765957446809,0.6329787234042553,0.5106382978723405,0.7553191489361702,0.6542553191489362,0.43617021276595747,0.6648936170212766,0.4414893617021277,0.7712765957446809,0.6117021276595744,0.6117021276595744,0.34042553191489366,0.45744680851063835
Q2HRB6,0.8414905450500556,0.8453837597330367,0.828559510567297,0.8469827586206896,0.7616796440489432,0.8191045606229144,0.8325222469410456,0.8425333704115684,0.8512235817575083,0.8377363737486094,0.8748609566184649,0.8817436040044494,0.9051724137931034,0.9057285873192435,0.8801446051167965,0.8957869855394884,0.9093437152391546,0.8990545050055617,0.8903642936596218,0.8948832035595107,0.8816045606229144,0.8845244716351501,0.8890433815350389,0.8786846496106786,0.891476640711902,0.8705506117908788,0.8355812013348164,0.8816740823136818,0.884107341490545,0.8307842046718577,0.8870967741935484,0.8629727474972191,0.8811874304783092
Q59643,0.27846790890269146,0.7135955831608005,0.48723257418909593,0.6690821256038647,0.6632160110420979,0.693926846100759,0.5797101449275363,0.5804002760524499,0.6442374051069704,0.6335403726708074,0.6542443064182195,0.6804692891649413,0.6014492753623188,0.6518288474810214,0.6677018633540373,0.6766735679779158,0.6973775017253278,0.6245686680469289,0.6394064872325742,0.6897860593512767,0.587991718426501,0.6856452726017943,0.7267080745341614,0.7570738440303658,0.6635610766045549,0.6832298136645962,0.7118702553485161,0.6621808143547274,0.6901311249137336,0.7484472049689441,0.7032436162870945,0.6725327812284334,0.5907522429261559
Q64610,0.7549113213552066,0.8177820212365825,0.8485953186934005,0.8702948239446807,0.8474669444203339,0.8342447125538871,0.8853398142522351,0.8709602754390533,0.8773254636460954,0.8624540693805515,0.8759656279836819,0.8695715071029714,0.8547001128374273,0.8486242513670689,0.8362989323843416,0.8622515406648729,0.873188091311518,0.864276827821659,0.8774122616671007,0.8375141046784134,0.8908659549228946,0.8759656279836819,0.8466857622312878,0.8736220814165437,0.8630616555275874,0.8752712438156409,0.8588085524983364,0.8628301941382404,0.8712206695020687,0.8707577467233748,0.888580273703093,0.9080519630819084,0.9032780719266268
Q6VE93,0.23617043442025212,0.4642150223981664,0.3454526513178456,0.5132826336076675,0.5098447754974476,0.6120429211376185,0.4653609751015731,0.3777476820502136,0.33982706531930407,0.3828523804562975,0.2936764246275654,0.4129596833003438,0.3429523908740494,0.3648296697572664,0.33159704135847484,0.34649442650276074,0.34399416605896443,0.3274299406188145,0.3557662256485051,0.3956662152307532,0.3611834566100635,0.3924367121575164,0.3962912803417023,0.415043233670174,0.3782685696426711,0.3987915407854985,0.3896239191582457,0.39222835712053333,0.4149390561516825,0.33763933743098234,0.37139285342223144,0.36535055734972394,0.28805083862902386
Q8CG03,0.6060560859188544,0.37330946698488465,0.3122016706443914,0.38544152744630067,0.3555091487669053,0.22160898965791567,0.35058671439936356,0.4069709626093874,0.3637132060461416,0.378530230708035,0.4343675417661098,0.4731006364359586,0.5950178997613365,0.6604514717581543,0.6858094669848847,0.4628082736674622,0.5012430389817024,0.6549821002386634,0.47444311853619725,0.40080548926014326,0.2798826571201273,0.29658910103420844,0.25218774860779636,0.34755369928400953,0.2679992044550517,0.2593973747016707,0.27679992044550517,0.3351233094669849,0.3270186953062848,0.3812649164677804,0.4151750198886237,0.3208532219570406,0.25477326968973746
Q8DSE5,0.6086614173228346,0.573228346456693,0.50748031496063,0.2374015748031496,0.655511811023622,0.35669291338582676,0.3877952755905512,0.4405511811023622,0.6748031496062993,0.6909448818897638,0.7586614173228347,0.6334645669291339,0.6968503937007874,0.5366141732283465,0.5492125984251969,0.5594488188976378,0.5641732283464567,0.6011811023622047,0.6913385826771654,0.7153543307086614,0.6417322834645669,0.6149606299212599,0.615748031496063,0.5338582677165354,0.6070866141732284,0.6251968503937008,0.5807086614173229,0.712992125984252,0.6208661417322835,0.7480314960629921,0.6181102362204725,0.6562992125984253,0.6610236220472441
Q8F3Q1,0.10786290322580647,0.3120679723502304,0.20334101382488476,0.31336405529953915,0.24539170506912447,0.44556451612903225,0.18706797235023043,0.11880760368663594,0.20708525345622122,0.17597926267281105,0.16993087557603687,0.2688652073732719,0.384360599078341,0.18620391705069123,0.2511520737327189,0.20463709677419353,0.2259504608294931,0.31739631336405527,0.24409562211981567,0.20247695852534564,0.08770161290322581,0.18577188940092165,0.12744815668202764,0.24783986175115208,0.1352246543778802,0.3371255760368663,0.241647465437788,0.23012672811059906,0.18577188940092165,0.30918778801843316,0.4287154377880184,0.4176267281105991,0.42525921658986177
Q8I719,0.20356448136270439,0.591346406603228,0.4895115924504495,0.5008674622785343,0.40024183796856105,0.38142053519793917,0.5071762788496924,0.4172756427106882,0.49692445192156043,0.4651175017086378,0.5826192103464591,0.4353609168813417,0.4662215446085905,0.42447820829609373,0.5172178118921192,0.4530781767520109,0.45765206876610065,0.36170548341306974,0.4671678670942643,0.4947689395930813,0.6430261290152989,0.6117974869880658,0.5763629672467273,0.5922927290889017,0.7335050733399926,0.605383523474055,0.7286683139687713,0.6903422532989854,0.7357657326113244,0.6159507912307449,0.7244098627832396,0.6662636033857317,0.6615845644287892
Q8KBW6,0.18291250733998823,0.5299471520845567,0.5446271285965942,0.6603053435114503,0.6280093951849677,0.6391661773341163,0.3954785672342924,0.4815032295948326,0.4970640046975925,0.4307105108631826,0.5129183793305931,0.5836758661186142,0.6470933646506165,0.6268349970640047,0.5478567234292425,0.6641221374045801,0.5132119788608338,0.7451556077510275,0.7295948326482677,0.6591309453904874,0.7428068115091015,0.6632413388138579,0.5566647093364651,0.6095126247798003,0.6999412800939518,0.44979448032883146,0.6024662360540224,0.7654139753376394,0.7501467997651203,0.9180857310628303,0.71873165002936,0.6685261303581915,0.5537287140340575
Q8N6T7,0.7583166999334664,0.6031270791749833,0.662840984697272,0.6525282767797738,0.6224218230206253,0.5805056553559548,0.7644710578842315,0.7042581503659348,0.7109115103127079,0.7857618097139056,0.6806387225548902,0.7341982701264138,0.6854624085163007,0.7009314703925482,0.6899534264803726,0.709913506320692,0.6951097804391217,0.6847970725216235,0.5926480372588157,0.6781437125748503,0.688622754491018,0.5445775116433799,0.6756487025948104,0.5755156353958748,0.6661676646706586,0.6262475049900199,0.7318695941450432,0.6282435129740519,0.5796739853626082,0.603459747172322,0.602461743180306,0.6849634065202928,0.6598469727212242
Q8TE04,0.22212593876372036,0.5788561525129983,0.7452339688041595,0.7770075101097631,0.7517812439822839,0.7413826304640863,0.7202002695936838,0.7018101290198344,0.6818794531099557,0.6632004621606008,0.6983439245137686,0.7306951665703832,0.6726362410937801,0.6532832659349124,0.5912767186597343,0.6131330637396495,0.6252647795108801,0.6462545734642788,0.6450991719622569,0.6831311380704794,0.7258809936452917,0.7234739071827461,0.6278644328904294,0.7272289620643173,0.7865395725014442,0.7453302522626613,0.8042557288657808,0.7401309455035625,0.7614095898324669,0.7941459657230887,0.799730406316195,0.7829770845368765,0.6852493741575197
Q8X607,0.7030360531309298,0.5075901328273245,0.4185114906177525,0.48081383090870755,0.4452877925363694,0.4966266076323002,0.5160236137465739,0.5161290322580645,0.49009065991988193,0.4799704828167826,0.5062196921779465,0.5454353784524563,0.5577693442968585,0.4781783681214421,0.5808559983133038,0.4778621125869703,0.48956356736242884,0.5672570103310142,0.552393000210837,0.5608264811300865,0.47480497575374236,0.49799704828167823,0.49040691545435383,0.4624710099093401,0.43168880455407965,0.4822896900695762,0.37507906388361795,0.4856630824372761,0.4008011806873287,0.4779675310984609,0.5636727809403331,0.5270925574530888,0.5102255956145899
Q922S4,0.32868842439799534,0.49790164201605347,0.5188444770402967,0.4939086501242717,0.4983905797987206,0.4962718494071629,0.6612068614268833,0.604897526789716,0.6599845169702154,0.6219288595526219,0.592348123701259,0.5284602534327507,0.5181110703662959,0.5868883184614757,0.5279713156500835,0.6176099091390621,0.4948050360591615,0.4627388664792405,0.4685246302408018,0.43719186733488163,0.6344375178258567,0.6493908650124272,0.6801124556900134,0.7779815018538891,0.629670374444852,0.6333374078148556,0.6170394817259504,0.8057694658354724,0.6637330399706636,0.7774925640712219,0.7349142321639571,0.6854907712993521,0.6493093753819825
Q99538,0.6146413972500929,0.49646971386101824,0.7551096246748421,0.7422891118543292,0.6633221850613155,0.6744704570791527,0.7116313638052768,0.6465997770345596,0.6761426978818283,0.6244890375325158,0.6635079895949461,0.6804162021553326,0.673355629877369,0.6703827573392791,0.618543292456336,0.6477146042363434,0.6378669639539205,0.6523597175771089,0.643441099962839,0.6651802303976218,0.6804162021553326,0.6978818283166109,0.6222593831289484,0.711073950204385,0.6523597175771089,0.6740988480118915,0.6454849498327759,0.7251950947603122,0.6477146042363433,0.7346711259754739,0.7863247863247863,0.8480118914901523,0.835005574136009
Q9NPD8,0.8055555555555556,0.8726190476190476,0.6841269841269841,0.8003968253968254,0.567063492063492,0.7765873015873016,0.48373015873015873,0.7146825396825397,0.7869047619047619,0.736111111111111,0.85,0.8543650793650793,0.8654761904761905,0.8837301587301587,0.8587301587301588,0.8805555555555555,0.8488095238095238,0.9063492063492063,0.8591269841269841,0.8809523809523809,0.8301587301587301,0.8793650793650793,0.8674603174603175,0.8103174603174603,0.8345238095238096,0.8321428571428572,0.8996031746031745,0.890079365079365,0.8996031746031745,0.8678571428571429,0.9015873015873016,0.9075396825396826,0.8087301587301587
Q9NTG7,0.467060212514758,0.5208972845336481,0.6753246753246754,0.7428571428571429,0.6916174734356553,0.6460448642266824,0.7931523022432113,0.8141676505312869,0.7482880755608028,0.824793388429752,0.7733175914994097,0.7485242030696577,0.757733175914994,0.8023612750885478,0.7062573789846518,0.7690672963400237,0.7475796930342384,0.7461629279811098,0.6387249114521842,0.7312868949232585,0.7031877213695396,0.756788665879575,0.7782762691853602,0.6304604486422669,0.7423848878394333,0.6930342384887839,0.8077922077922078,0.7308146399055491,0.6979929161747345,0.7541912632821723,0.700590318772137,0.6899645808736717,0.7426210153482882
Q9PPB4,0.6119786096256685,0.466951871657754,0.5075935828877005,0.6036363636363636,0.39828877005347596,0.3247058823529412,0.3803208556149733,0.6932620320855615,0.571764705882353,0.5127272727272727,0.49283422459893045,0.34395721925133693,0.37775401069518716,0.3664171122994652,0.3602139037433155,0.3125133689839572,0.33390374331550804,0.3942245989304813,0.49026737967914436,0.3696256684491978,0.5383957219251336,0.38887700534759356,0.38245989304812833,0.6558288770053476,0.5433155080213904,0.44791443850267376,0.4158288770053476,0.48770053475935826,0.6468449197860963,0.6524064171122994,0.6575401069518716,0.6539037433155079,0.706096256684492
Q9TZZ6,0.5789170506912442,0.6869239631336406,0.7301267281105991,0.7062211981566819,0.7050691244239631,0.6814516129032258,0.6082949308755761,0.728110599078341,0.7620967741935484,0.6607142857142857,0.7641129032258065,0.6984447004608295,0.679147465437788,0.6633064516129032,0.665610599078341,0.7534562211981567,0.717741935483871,0.7646889400921659,0.7427995391705068,0.7836981566820276,0.7868663594470047,0.7203341013824884,0.7638248847926268,0.6270161290322581,0.6664746543778802,0.6598502304147466,0.7453917050691246,0.6860599078341014,0.6466013824884793,0.5794930875576038,0.6561059907834101,0.7010368663594471,0.5832373271889402
Q9UDY8,0.5351812366737739,0.6297974413646056,0.7470682302771855,0.7420042643923241,0.818407960199005,0.8020611229566453,0.7738095238095237,0.796997157071784,0.812544420753376,0.8238272921108742,0.8001066098081023,0.7670575692963753,0.7749644633972992,0.746090973702914,0.7571073205401564,0.7803837953091683,0.7335643212508884,0.7601279317697228,0.798862828713575,0.7772743425728501,0.7329424307036247,0.7733653162757641,0.7502665245202559,0.724502487562189,0.6889658848614072,0.7420931058990761,0.5770255863539445,0.6273098791755508,0.5772032693674485,0.6649786780383795,0.7183724235963043,0.695273631840796,0.6886105188343995
Q9UM07,0.5106382978723405,0.4681250249491039,0.48233603448964113,0.39327771346453233,0.43319627958963713,0.3215041315715939,0.4129974851303342,0.4017404494830546,0.42429443934373884,0.4113608239192048,0.4109616382579538,0.41431479781246255,0.5084826953015847,0.5105584607400901,0.5286415711947626,0.4575466049259511,0.4274480060676221,0.4779849107820047,0.4559099437148218,0.42150013971498146,0.41084188255957843,0.43311644245738695,0.39742924434154325,0.3782284140353679,0.4192647000119756,0.36836852820246696,0.39415592191928467,0.43551155642489325,0.30948864316793745,0.4242545207776137,0.4962276955011776,0.47722645802562774,0.433515628118638
Q9Y223,0.4766207005864638,0.252892692978285,0.26240291646853703,0.3006815660168014,0.25622127119987315,0.26359169440481856,0.2996512918053575,0.2509113964178158,0.16817245205262327,0.16476462196861627,0.20843239816135678,0.14606118243778726,0.13044856554129022,0.14407988587731813,0.23379299413536217,0.24298621017593913,0.23846885401806941,0.189332699318434,0.2891107941036614,0.26367094626723725,0.34363607544777297,0.3461721350451736,0.3590901886194326,0.22840386749088604,0.28665398636867967,0.4287525756855286,0.1957521001743541,0.2396576319543509,0.4113171659533999,0.2085909018861943,0.25114915200507215,0.27310191789507055,0.3081312410841655
Q9ZLT0,0.5244293151782138,0.42470965158189833,0.4090909090909091,0.394673608329996,0.6233480176211453,0.44233079695634764,0.4695634761714057,0.35122146575891067,0.4319183019623548,0.5230276331597917,0.539447336804165,0.31758109731678014,0.40108129755706845,0.32038446135362436,0.3744493392070485,0.37545054064877853,0.4275130156187425,0.36623948738486184,0.5060072086503805,0.2450941129355226,0.34241089307168604,0.3852623147777333,0.45955146175410494,0.5356427713255907,0.5628754505406488,0.5744893872647177,0.6427713255907088,0.6473768522226672,0.6599919903884661,0.7212655186223468,0.6351621946335603,0.6896275530636764,0.7270724869843812
