UniProt,PDB,n_active,active_site_residues,n_allosteric,allosteric_site_residues
A0A0J9WZA6,3PJG,1,253,11,"256, 257, 259, 284, 319, 320, 322, 323, 324, 326, 345"
A0A1I9GEN8,5AA4,1,277,44,"11, 13, 14, 15, 16, 27, 28, 51, 54, 55, 69, 70, 71, 72, 73, 83, 87, 88, 90, 115, 116, 117, 119, 120, 121, 122, 123, 145, 146, 149, 161, 162, 163, 164, 165, 166, 167, 169, 170, 190, 222, 223, 226, 227"
B8GZM2,1W25,1,370,23,"148, 153, 174, 175, 177, 178, 309, 312, 313, 316, 318, 356, 357, 358, 359, 360, 362, 377, 379, 383, 386, 387, 390"
E8ME30,1LTH,1,181,5,"159, 171, 172, 174, 176"
O14757,3JVR,1,130,17,"93, 94, 95, 96, 97, 98, 99, 133, 173, 200, 204, 205, 206, 207, 208, 209, 217"
O14965,5OS5,1,256,42,"128, 133, 152, 155, 157, 159, 165, 166, 167, 169, 170, 174, 175, 176, 178, 179, 180, 182, 183, 189, 195, 197, 198, 199, 200, 201, 202, 203, 206, 207, 208, 209, 210, 282, 283, 284, 285, 286, 365, 366, 367, 370"
O31611,5DED,1,139,12,"18, 21, 25, 28, 41, 42, 43, 44, 45, 79, 148, 152"
O43353,4C8B,1,146,30,"24, 25, 32, 45, 46, 47, 66, 69, 70, 73, 78, 79, 93, 94, 95, 96, 97, 98, 99, 101, 102, 135, 142, 143, 144, 153, 162, 163, 164, 165"
O54438,4BNZ,1,154,10,"106, 107, 110, 111, 114, 156, 159, 160, 163, 164"
O57693,1UXN,2,"263, 297",12,"72, 79, 132, 133, 134, 135, 154, 155, 156, 157, 184, 479"
O60547,5IN4,3,"155, 157, 179",15,"113, 116, 216, 217, 218, 221, 222, 225, 226, 229, 239, 322, 323, 371, 372"
O60678,4RYL,2,"329, 338",17,"370, 371, 372, 373, 375, 376, 378, 379, 401, 403, 405, 407, 449, 450, 484, 486, 487"
O60701,3PRJ,3,"161, 220, 276",17,"131, 163, 164, 165, 224, 227, 231, 260, 265, 266, 267, 269, 272, 273, 338, 339, 442"
P00344,1LDN,1,179,6,"157, 169, 170, 172, 193, 255"
P00366,6DHQ,1,183,54,"142, 143, 144, 172, 173, 176, 177, 178, 179, 199, 203, 204, 207, 211, 238, 242, 243, 244, 246, 247, 252, 260, 261, 262, 263, 266, 267, 269, 270, 274, 314, 315, 318, 319, 322, 346, 349, 439, 444, 445, 447, 448, 449, 450, 453, 502, 503, 507, 516, 520, 545, 546, 548, 549"
P00489,8GPB,6,"378, 569, 570, 575, 677, 681",71,"38, 39, 40, 41, 43, 45, 46, 54, 58, 61, 64, 65, 68, 69, 72, 73, 76, 77, 82, 122, 125, 156, 185, 186, 187, 188, 189, 190, 191, 192, 193, 194, 195, 196, 197, 225, 227, 228, 230, 241, 243, 283, 284, 285, 286, 288, 307, 310, 311, 316, 317, 318, 319, 381, 383, 496, 545, 546, 549, 552, 553, 572, 573, 611, 612, 613, 614, 615, 656, 771, 772"
P00636,1RDY,8,"69, 75, 98, 99, 119, 121, 122, 281",35,"17, 18, 19, 21, 22, 25, 27, 28, 29, 30, 31, 32, 35, 48, 51, 52, 53, 54, 55, 56, 57, 60, 71, 72, 73, 77, 113, 114, 141, 161, 176, 178, 188, 190, 191"
P00669,11BG,2,"38, 145",8,"40, 50, 53, 54, 58, 59, 120, 121"
P00735,3PMA,3,"409, 465, 571",12,"449, 451, 488, 489, 610, 613, 615, 617, 618, 619, 622, 623"
P00775,3I78,3,"73, 118, 208",11,"194, 195, 199, 200, 201, 202, 234, 235, 236, 238, 239"
P04629,5H3Q,1,650,45,"481, 482, 483, 484, 485, 486, 487, 488, 489, 490, 491, 492, 493, 512, 513, 514, 515, 516, 521, 525, 526, 544, 556, 560, 564, 567, 572, 573, 574, 575, 587, 589, 641, 646, 647, 648, 657, 666, 667, 668, 669, 670, 671, 672, 673"
P04711,5VYJ,3,"177, 606, 647",14,"53, 96, 97, 100, 104, 224, 225, 226, 227, 228, 229, 938, 941, 957"
P06169,2VK8,9,"28, 51, 114, 115, 413, 444, 471, 473, 477",16,"92, 161, 220, 221, 222, 225, 285, 286, 287, 288, 309, 310, 311, 312, 313, 326"
P06709,2EWN,3,"118, 183, 317",44,"88, 89, 90, 91, 92, 112, 114, 115, 116, 121, 122, 123, 124, 125, 126, 130, 131, 132, 133, 134, 172, 175, 176, 185, 186, 187, 188, 190, 203, 204, 205, 206, 207, 208, 211, 214, 218, 219, 220, 221, 222, 223, 224, 313"
P07071,1H7A,9,"78, 79, 288, 290, 292, 311, 441, 446, 580",12,"98, 99, 100, 101, 102, 103, 104, 107, 110, 111, 114, 146"
P07379,4YW8,1,288,14,"284, 285, 433, 434, 435, 436, 437, 462, 514, 515, 516, 517, 518, 525"
P09237,5UE5,1,215,1,45
P09960,3FUD,7,"272, 296, 297, 300, 319, 376, 384",9,"25, 26, 27, 36, 37, 162, 181, 183, 189"
P0A1E3,1FCJ,2,"42, 273",4,"8, 35, 268, 269"
P0A434,1QW7,8,"55, 57, 169, 201, 230, 233, 254, 301",2,"51, 350"
P0A759,2WU1,4,"72, 141, 143, 148",3,"1, 2, 258"
P0A796,1PFK,7,"12, 73, 104, 126, 128, 130, 172",16,"22, 26, 55, 56, 59, 60, 155, 159, 186, 188, 212, 213, 214, 215, 216, 320"
P0A962,2HIM,1,14,8,"162, 240, 271, 272, 273, 301, 302, 303"
P0A9T0,2PA3,3,"240, 269, 292",12,"344, 345, 346, 347, 348, 349, 350, 351, 364, 365, 370, 372"
P0ABH7,1NXG,2,"306, 363",17,"107, 109, 110, 111, 112, 113, 114, 115, 146, 148, 156, 159, 160, 163, 164, 168, 190"
P0AEE3,3GCO,3,"96, 126, 201",2,"183, 230"
P10253,5NN4,2,"518, 521",10,"431, 432, 433, 434, 435, 436, 437, 513, 834, 863"
P11974,3N25,4,"73, 120, 270, 328",16,"43, 44, 45, 46, 47, 68, 70, 106, 463, 464, 465, 466, 468, 469, 470, 471"
P13491,5NQB,1,193,19,"31, 64, 99, 100, 106, 109, 138, 140, 165, 166, 169, 237, 238, 241, 242, 247, 248, 251, 252"
P14193,1DKR,1,198,13,"106, 107, 108, 109, 110, 141, 149, 150, 310, 311, 312, 313, 316"
P14780,5UE4,1,402,2,"110, 179"
P17707,1MSV,7,"8, 11, 67, 68, 82, 229, 243",8,"13, 15, 111, 113, 174, 176, 285, 318"
P18031,5T19,5,"181, 215, 221, 222, 262",42,"46, 48, 49, 105, 111, 115, 120, 146, 148, 150, 153, 155, 156, 157, 170, 172, 174, 179, 183, 188, 189, 192, 193, 196, 197, 198, 200, 201, 202, 217, 218, 219, 258, 266, 276, 277, 279, 280, 281, 282, 291, 292"
P18654,5O1S,2,"193, 539",12,"595, 598, 599, 600, 602, 603, 633, 660, 661, 662, 667, 710"
P19367,1QHA,3,"539, 603, 657",15,"84, 87, 88, 91, 153, 155, 209, 229, 231, 232, 413, 414, 415, 448, 449"
P22498,5IXE,2,"206, 387",19,"17, 32, 33, 34, 36, 37, 48, 150, 151, 152, 153, 220, 221, 222, 223, 431, 433, 434, 435"
P23368,1GZ3,8,"112, 165, 183, 255, 256, 278, 279, 421",8,"64, 67, 84, 88, 91, 95, 127, 128"
P23921,3HNC,3,"427, 429, 431",34,"3, 5, 6, 11, 12, 13, 14, 17, 18, 21, 53, 56, 57, 88, 226, 227, 228, 229, 231, 243, 255, 256, 261, 262, 263, 264, 265, 269, 270, 285, 286, 287, 288, 289"
P24941,3PXZ,1,127,22,"15, 33, 35, 37, 44, 49, 52, 55, 56, 64, 66, 69, 71, 76, 78, 80, 144, 145, 146, 148, 152, 154"
P27443,1O0S,2,"164, 237",7,"111, 116, 119, 120, 143, 147, 179"
P29466,2FQQ,5,"237, 238, 285, 286, 390",3,"258, 331, 333"
P31129,4H54,1,208,3,"22, 79, 83"
P31153,5UGH,14,"29, 31, 32, 57, 70, 181, 250, 258, 259, 264, 265, 285, 289, 291",21,"15, 16, 17, 18, 19, 20, 139, 190, 273, 274, 275, 276, 313, 315, 316, 317, 331, 332, 333, 335, 342"
P31749,4EJN,1,274,28,"53, 54, 59, 78, 79, 80, 82, 83, 84, 85, 205, 209, 210, 211, 212, 264, 268, 269, 270, 271, 272, 279, 290, 291, 292, 294, 296, 326"
P35557,4MLE,2,"169, 205",40,"61, 62, 63, 64, 65, 66, 67, 68, 69, 70, 91, 96, 97, 98, 99, 101, 159, 207, 210, 211, 212, 214, 215, 216, 218, 220, 221, 235, 250, 451, 452, 453, 454, 455, 456, 457, 458, 459, 460, 462"
P36888,4RT7,1,811,31,"614, 616, 617, 624, 642, 643, 644, 661, 664, 665, 668, 674, 675, 691, 692, 693, 694, 695, 696, 697, 698, 802, 807, 808, 809, 818, 827, 828, 829, 830, 833"
P42574,3KJF,5,"62, 63, 121, 122, 163",14,"204, 205, 206, 207, 208, 209, 210, 213, 214, 248, 249, 250, 251, 256"
P42676,4FXY,5,"497, 498, 501, 526, 636",31,"68, 72, 92, 93, 95, 96, 97, 99, 100, 103, 129, 132, 133, 134, 136, 137, 138, 139, 140, 142, 143, 146, 165, 168, 169, 170, 172, 173, 176, 178, 514"
P43235,5J94,3,"139, 276, 296",15,"114, 115, 116, 117, 118, 232, 233, 234, 236, 237, 283, 285, 290, 312, 313"
P45983,3O2M,1,151,13,"178, 180, 184, 197, 198, 199, 230, 231, 234, 253, 255, 256, 259"
P46926,1NE7,4,"72, 141, 143, 148",11,"1, 2, 151, 152, 158, 159, 160, 161, 184, 258, 262"
P49427,4MDK,1,93,16,"18, 26, 28, 45, 46, 47, 48, 50, 51, 52, 53, 58, 128, 131, 132, 161"
P49902,5OPK,2,"52, 54",35,"56, 114, 127, 128, 129, 144, 145, 147, 152, 154, 157, 292, 293, 331, 333, 334, 335, 337, 350, 351, 352, 353, 354, 356, 358, 359, 362, 424, 428, 432, 436, 449, 453, 456, 457"
P52731,3DBA,1,562,19,"95, 97, 99, 115, 116, 136, 141, 142, 143, 163, 164, 165, 168, 169, 172, 174, 176, 195, 197"
P53608,2CEV,8,"99, 122, 124, 126, 139, 226, 228, 271",18,"35, 195, 196, 197, 199, 244, 248, 249, 250, 252, 253, 256, 288, 291, 292, 296, 297, 298"
P53671,4TPT,1,451,26,"342, 360, 361, 362, 363, 364, 380, 381, 383, 388, 389, 390, 391, 403, 405, 442, 447, 449, 467, 468, 469, 470, 471, 472, 474, 476"
P53704,2POC,1,2,13,"373, 384, 385, 475, 477, 480, 485, 488, 489, 490, 491, 492, 493"
P54578,6IIK,2,"114, 435",20,"188, 196, 197, 198, 199, 200, 328, 330, 331, 340, 342, 343, 426, 430, 431, 432, 433, 474, 475, 476"
P54830,6H8S,1,472,23,"341, 342, 343, 344, 345, 370, 451, 454, 455, 456, 458, 459, 462, 464, 465, 466, 468, 482, 486, 487, 490, 493, 494"
P55210,5V6U,2,"144, 186",22,"147, 159, 160, 161, 163, 164, 165, 167, 183, 211, 213, 214, 215, 216, 217, 219, 221, 223, 227, 290, 292, 294"
P55212,4NBL,2,"121, 163",25,"36, 56, 57, 58, 93, 94, 97, 101, 125, 131, 132, 133, 135, 137, 142, 195, 196, 197, 198, 199, 200, 201, 214, 244, 287"
P63279,5F6W,1,93,1,42
P68400,3H30,1,156,9,"39, 40, 41, 67, 69, 101, 103, 104, 110"
P9WI55,5KDE,1,89,14,"61, 62, 63, 99, 101, 102, 103, 104, 105, 110, 111, 112, 114, 115"
P9WQN9,5KWI,3,"170, 274, 306",11,"253, 254, 255, 278, 281, 282, 285, 298, 299, 300, 301"
Q01217,3ZZH,1,675,13,"87, 265, 285, 286, 337, 338, 339, 340, 341, 342, 343, 345, 347"
Q05769,4OTJ,7,"189, 193, 370, 371, 374, 512, 516",34,"99, 102, 103, 106, 165, 166, 167, 169, 170, 171, 191, 195, 330, 331, 334, 335, 338, 339, 341, 345, 346, 367, 424, 428, 472, 473, 476, 504, 508, 509, 510, 514, 520, 521"
Q06124,5XZR,1,459,50,"71, 76, 79, 80, 81, 83, 84, 87, 107, 108, 109, 110, 111, 112, 113, 114, 115, 216, 217, 218, 219, 229, 246, 249, 250, 251, 253, 254, 255, 257, 261, 262, 263, 264, 265, 266, 269, 274, 280, 281, 282, 283, 489, 491, 492, 493, 495, 496, 499, 511"
Q08698,1PEU,3,"386, 388, 390",14,"185, 186, 187, 190, 202, 214, 215, 221, 222, 228, 229, 244, 245, 246"
Q12650,1M8P,3,"198, 199, 200",18,"404, 433, 436, 445, 450, 453, 454, 475, 476, 477, 478, 514, 516, 525, 526, 527, 528, 529"
Q13153,4ZJI,1,389,34,"299, 301, 311, 312, 313, 314, 315, 316, 318, 319, 320, 322, 323, 327, 328, 329, 330, 340, 342, 343, 344, 379, 380, 383, 384, 385, 386, 387, 405, 406, 407, 412, 413, 414"
Q13164,4ZSG,1,182,21,"65, 66, 67, 68, 84, 86, 89, 94, 95, 96, 98, 99, 100, 102, 103, 106, 115, 117, 135, 137, 200"
Q13547,5ICN,1,141,13,"23, 25, 26, 27, 28, 29, 31, 270, 303, 304, 305, 306, 336"
Q13976,4Z07,1,484,4,"210, 213, 214, 217"
Q14790,3KJN,4,"258, 317, 318, 360",19,"395, 396, 399, 400, 401, 410, 411, 412, 413, 414, 415, 419, 420, 454, 455, 458, 467, 468, 469"
Q26998,1JLR,4,"137, 141, 235, 238",13,"44, 59, 65, 68, 78, 101, 103, 104, 105, 124, 125, 129, 158"
Q2G036,5DL1,2,"98, 123",1,136
Q2HRB6,2PBK,3,"46, 114, 134",29,"22, 23, 44, 76, 79, 80, 83, 90, 105, 106, 109, 110, 116, 117, 118, 119, 121, 122, 128, 129, 130, 139, 141, 142, 143, 189, 192, 193, 196"
Q59643,2C14,2,"205, 260",9,"31, 181, 245, 249, 273, 314, 317, 318, 319"
Q64610,5M0S,1,209,41,"74, 78, 81, 82, 167, 169, 171, 213, 214, 216, 217, 230, 241, 243, 244, 248, 249, 250, 251, 254, 258, 260, 261, 272, 273, 274, 275, 276, 277, 284, 304, 305, 306, 308, 311, 315, 356, 359, 473, 474, 512"
Q6VE93,5KLQ,3,"150, 170, 216",29,"49, 53, 103, 106, 107, 222, 225, 226, 229, 286, 289, 290, 311, 312, 313, 314, 315, 316, 317, 321, 326, 330, 351, 354, 355, 358, 359, 361, 362"
Q8CG03,2K31,1,603,24,"174, 175, 176, 178, 195, 196, 211, 213, 218, 219, 220, 235, 236, 240, 241, 242, 244, 245, 249, 251, 253, 256, 273, 275"
Q8DSE5,2HVW,1,73,20,"18, 21, 23, 41, 42, 43, 44, 45, 46, 47, 48, 49, 50, 51, 53, 70, 75, 76, 79, 108"
Q8F3Q1,3F6H,2,"16, 146",14,"428, 429, 430, 431, 454, 458, 463, 464, 465, 466, 468, 493, 494, 495"
Q8I719,4OFG,1,664,23,"446, 465, 467, 472, 473, 475, 480, 481, 482, 483, 484, 485, 486, 490, 491, 492, 493, 494, 495, 496, 532, 533, 536"
Q8KBW6,2QMX,2,"171, 173",13,"206, 207, 209, 210, 211, 224, 225, 226, 227, 228, 230, 240, 242"
Q8N6T7,5Y2F,1,133,18,"3, 4, 7, 62, 70, 71, 74, 80, 81, 82, 84, 85, 86, 87, 136, 153, 155, 157"
Q8TE04,2I7N,1,363,18,"416, 417, 418, 419, 420, 432, 435, 436, 479, 486, 488, 492, 493, 494, 524, 561, 565, 566"
Q8X607,3EPS,1,371,17,"54, 101, 104, 105, 108, 113, 116, 121, 123, 291, 294, 295, 298, 375, 376, 377, 378"
Q922S4,1MC0,1,655,27,"428, 429, 430, 432, 443, 444, 445, 446, 458, 462, 463, 464, 465, 466, 485, 486, 487, 488, 489, 490, 491, 494, 496, 498, 501, 518, 520"
Q99538,5LU9,2,"148, 189",13,"41, 42, 44, 45, 187, 215, 216, 217, 218, 228, 231, 256, 259"
Q9NPD8,5NGZ,1,86,14,"69, 70, 71, 72, 73, 74, 75, 79, 80, 81, 82, 83, 125, 146"
Q9NTG7,4C7B,1,248,11,"146, 157, 173, 176, 179, 180, 195, 228, 229, 230, 231"
Q9PPB4,5F1U,2,"137, 166",17,"45, 50, 51, 52, 53, 54, 55, 56, 59, 82, 83, 84, 85, 88, 92, 110, 111"
Q9TZZ6,1NJJ,1,380,8,"42, 263, 359, 360, 361, 402, 404, 405"
Q9UDY8,4I1R,2,"415, 464",14,"344, 345, 346, 379, 381, 394, 397, 398, 400, 401, 576, 580, 715, 717"
Q9UM07,4DKT,4,"350, 471, 473, 645",41,"153, 154, 155, 156, 157, 164, 165, 166, 167, 168, 169, 170, 171, 172, 175, 176, 177, 178, 179, 180, 212, 214, 252, 362, 364, 369, 370, 371, 372, 373, 374, 376, 377, 380, 386, 387, 388, 389, 391, 393, 397"
Q9Y223,4ZHT,1,517,18,"52, 53, 54, 55, 204, 251, 252, 258, 259, 262, 266, 271, 277, 278, 279, 280, 281, 282"
Q9ZLT0,2W4I,2,"70, 181",22,"10, 11, 13, 14, 17, 37, 38, 41, 117, 143, 146, 147, 149, 150, 151, 152, 154, 183, 186, 248, 252, 253"
