biosensor,mutation,amino_acid,GPCRdb,SSE,adrenaline,Gprotein,cholesterol,modulation,motif,x50,location,active_contact,inactive_contact,ET_Score_adrenergic,ET_Score_aminergic,ET_Score_classA,classification,explanation,curation,expression_low,expression,expression_SEM,expression_SD,expression_n,normalised_logEC50,normalised_amplitude,logEC50_mean,logEC50_SEM,logEC50_SD,amplitude_mean,amplitude_SEM,amplitude_SD,BRET_n,potency,efficacy,pharma_important,x_3SN6,y_3SN6,z_3SN6,x_2RH1,y_2RH1,z_2RH1,distance,delta_phi,delta_psi,delta_omega,acc_2RH1,acc_3SN6,delta_acc,ref
Gs,G2A,2,N-term,N-term,0,0,0,NA,NA,0,other,NA,NA,NA,NA,NA,bystander,NA,1,0,115.2,10.5,18.1,3,0.27,1.04,-6.77,0.22,0.37,0.074,0.009,0.015,3,WT-like,WT-like,0,NA,NA,NA,NA,NA,NA,NA,NA,NA,NA,NA,NA,NA,
Gs,Q3A,3,N-term,N-term,0,0,0,NA,NA,0,other,NA,NA,NA,NA,NA,bystander,NA,1,0,101.2,10.5,18.3,3,-0.29,1.12,-7.33,0.18,0.32,0.071,0.003,0.005,3,WT-like,WT-like,0,NA,NA,NA,NA,NA,NA,NA,NA,NA,NA,NA,NA,NA,
Gs,P4A,4,N-term,N-term,0,0,0,NA,NA,0,other,NA,NA,NA,NA,NA,bystander,NA,1,0,88.5,22.0,44.0,4,-0.15,1.04,-7.19,0.24,0.41,0.066,0.008,0.014,3,WT-like,WT-like,0,NA,NA,NA,NA,NA,NA,NA,NA,NA,NA,NA,NA,NA,
Gs,G5A,5,N-term,N-term,0,0,0,NA,NA,0,other,NA,NA,NA,NA,NA,bystander,NA,1,0,112.1,13.1,22.7,3,-0.51,1.05,-7.55,0.16,0.28,0.067,0.004,0.008,3,WT-like,WT-like,0,NA,NA,NA,NA,NA,NA,NA,NA,NA,NA,NA,NA,NA,
Gs,N6A,6,N-term,N-term,0,0,0,NA,NA,0,other,NA,NA,NA,NA,NA,bystander,NA,1,0,86.7,12.9,22.4,3,-0.18,1.17,-7.22,0.08,0.15,0.074,0.003,0.005,3,WT-like,WT-like,0,NA,NA,NA,NA,NA,NA,NA,NA,NA,NA,NA,NA,NA,
Gs,G7A,7,N-term,N-term,0,0,0,NA,NA,0,other,NA,NA,NA,NA,NA,bystander,NA,1,0,97.9,18.7,32.4,3,0.14,0.89,-6.90,0.04,0.08,0.061,0.007,0.012,3,WT-like,WT-like,0,NA,NA,NA,NA,NA,NA,NA,NA,NA,NA,NA,NA,NA,
Gs,S8A,8,N-term,N-term,0,0,0,NA,NA,0,other,NA,NA,NA,NA,NA,modulator,not determined,1,0,59.5,6.8,11.7,3,-0.04,0.54,-7.08,0.15,0.26,0.037,0.012,0.020,3,WT-like,reduced,1,NA,NA,NA,NA,NA,NA,NA,NA,NA,NA,NA,NA,NA,
Gs,A9G,9,N-term,N-term,0,0,0,NA,NA,0,other,NA,NA,NA,NA,NA,bystander,NA,1,0,116.1,11.2,19.5,3,-0.18,0.94,-7.22,0.16,0.32,0.061,0.007,0.015,4,WT-like,WT-like,0,NA,NA,NA,NA,NA,NA,NA,NA,NA,NA,NA,NA,NA,
Gs,F10A,10,N-term,N-term,0,0,0,NA,NA,0,other,NA,NA,NA,NA,NA,bystander,NA,1,0,97.7,11.5,19.9,3,-0.14,1.17,-7.18,0.22,0.44,0.076,0.008,0.017,4,WT-like,WT-like,0,NA,NA,NA,NA,NA,NA,NA,NA,NA,NA,NA,NA,NA,
Gs,L11A,11,N-term,N-term,0,0,0,NA,NA,0,other,NA,NA,NA,NA,NA,bystander,NA,1,0,94.2,11.6,20.1,3,-0.28,1.08,-7.32,0.05,0.10,0.070,0.007,0.013,4,WT-like,WT-like,0,NA,NA,NA,NA,NA,NA,NA,NA,NA,NA,NA,NA,NA,
Gs,L12A,12,N-term,N-term,0,0,0,NA,NA,0,other,NA,NA,NA,NA,NA,bystander,NA,1,0,71.9,16.6,28.7,3,0.07,1.18,-6.97,0.25,0.49,0.077,0.010,0.020,4,WT-like,WT-like,0,NA,NA,NA,NA,NA,NA,NA,NA,NA,NA,NA,NA,NA,
Gs,A13G,13,N-term,N-term,0,0,0,NA,NA,0,other,NA,NA,NA,NA,NA,bystander,NA,1,0,79.7,21.9,43.8,4,0.06,1.04,-6.98,0.19,0.38,0.069,0.005,0.010,4,WT-like,WT-like,0,NA,NA,NA,NA,NA,NA,NA,NA,NA,NA,NA,NA,NA,
Gs,P14A,14,N-term,N-term,0,0,0,NA,NA,0,other,NA,NA,NA,NA,NA,bystander,NA,1,0,111.2,18.7,32.4,3,0.05,1.06,-7.00,0.21,0.36,0.075,0.008,0.014,3,WT-like,WT-like,0,NA,NA,NA,NA,NA,NA,NA,NA,NA,NA,NA,NA,NA,
Gs,N15A,15,N-term,N-term,0,0,0,NA,NA,0,other,NA,NA,NA,NA,NA,bystander,NA,1,0,55.6,12.3,24.7,4,0.01,0.95,-7.03,0.24,0.47,0.062,0.009,0.019,4,WT-like,WT-like,0,NA,NA,NA,NA,NA,NA,NA,NA,NA,NA,NA,NA,NA,
Gs,R16A,16,N-term,N-term,0,0,0,NA,NA,0,other,NA,NA,NA,NA,NA,bystander,NA,1,0,91.6,19.3,38.6,4,0.24,0.78,-6.80,0.43,0.85,0.050,0.008,0.016,4,WT-like,WT-like,0,NA,NA,NA,NA,NA,NA,NA,NA,NA,NA,NA,NA,NA,
Gs,S17A,17,N-term,N-term,0,0,0,NA,NA,0,other,NA,NA,NA,NA,NA,bystander,NA,1,0,70.3,9.6,19.2,4,-0.21,0.95,-7.25,0.41,0.81,0.062,0.008,0.017,4,WT-like,WT-like,0,NA,NA,NA,NA,NA,NA,NA,NA,NA,NA,NA,NA,NA,
Gs,H18A,18,N-term,N-term,0,0,0,NA,NA,0,other,NA,NA,NA,NA,NA,bystander,NA,1,0,100.7,15.9,31.9,4,0.06,0.90,-6.98,0.14,0.29,0.058,0.009,0.017,4,WT-like,WT-like,0,NA,NA,NA,NA,NA,NA,NA,NA,NA,NA,NA,NA,NA,
Gs,A19G,19,N-term,N-term,0,0,0,NA,NA,0,other,NA,NA,NA,NA,NA,bystander,NA,1,0,103.3,15.0,29.9,4,0.36,0.87,-6.68,0.24,0.47,0.056,0.007,0.013,4,WT-like,WT-like,0,NA,NA,NA,NA,NA,NA,NA,NA,NA,NA,NA,NA,NA,
Gs,P20A,20,N-term,N-term,0,0,0,NA,NA,0,other,NA,NA,NA,NA,NA,bystander,NA,1,0,100.2,7.3,12.7,3,0.19,0.90,-6.85,0.24,0.48,0.058,0.006,0.012,4,WT-like,WT-like,0,NA,NA,NA,NA,NA,NA,NA,NA,NA,NA,NA,NA,NA,
Gs,D21A,21,N-term,N-term,0,0,0,NA,NA,0,other,NA,NA,NA,NA,NA,bystander,NA,1,0,105.5,16.6,28.8,3,0.32,0.85,-6.72,0.42,0.73,0.055,0.012,0.021,3,WT-like,WT-like,0,NA,NA,NA,NA,NA,NA,NA,NA,NA,NA,NA,NA,NA,
Gs,H22A,22,N-term,N-term,0,0,0,NA,NA,0,other,NA,NA,NA,NA,NA,bystander,NA,1,0,92.4,21.1,36.6,3,-0.22,0.95,-7.26,0.13,0.27,0.062,0.007,0.014,4,WT-like,WT-like,0,NA,NA,NA,NA,NA,NA,NA,NA,NA,NA,NA,NA,NA,
Gs,D23A,23,N-term,N-term,0,0,0,NA,NA,0,other,NA,NA,NA,NA,NA,bystander,NA,1,0,89.3,24.3,42.1,3,-0.07,0.93,-7.11,0.29,0.59,0.061,0.005,0.010,4,WT-like,WT-like,0,NA,NA,NA,NA,NA,NA,NA,NA,NA,NA,NA,NA,NA,
Gs,V24A,24,N-term,N-term,0,0,0,NA,NA,0,other,NA,NA,NA,NA,NA,bystander,NA,1,0,88.4,25.9,44.9,3,0.02,1.04,-7.02,0.19,0.38,0.067,0.008,0.015,4,WT-like,WT-like,0,NA,NA,NA,NA,NA,NA,NA,NA,NA,NA,NA,NA,NA,
Gs,T25A,25,N-term,N-term,0,0,0,NA,NA,0,other,NA,NA,NA,NA,NA,bystander,NA,1,0,82.6,20.8,41.5,4,-0.08,0.97,-7.12,0.22,0.45,0.063,0.005,0.010,4,WT-like,WT-like,0,NA,NA,NA,NA,NA,NA,NA,NA,NA,NA,NA,NA,NA,
Gs,Q26A,26,1x25,TM1,0,0,0,NA,NA,0,core,NA,NA,NA,NA,NA,bystander,NA,1,0,110.1,8.3,14.3,3,-0.08,1.12,-7.12,0.29,0.50,0.080,0.011,0.018,3,WT-like,WT-like,0,NA,NA,NA,NA,NA,NA,NA,NA,NA,NA,NA,NA,NA,
Gs,Q27A,27,1x26,TM1,0,0,0,NA,NA,0,core,NA,NA,NA,NA,NA,bystander,NA,1,0,78.7,11.7,20.2,3,-0.11,1.11,-7.15,0.13,0.26,0.090,0.002,0.003,4,WT-like,WT-like,0,NA,NA,NA,NA,NA,NA,NA,NA,NA,NA,NA,NA,NA,
Gs,R28A,28,1x27,TM1,0,0,0,NA,NA,0,core,NA,NA,NA,NA,NA,bystander,NA,1,0,93.7,17.0,34.0,4,-0.22,1.04,-7.26,0.13,0.26,0.085,0.003,0.005,4,WT-like,WT-like,0,NA,NA,NA,NA,NA,NA,NA,NA,NA,NA,NA,NA,NA,
Gs,D29A,29,1x28,TM1,0,0,0,NA,NA,0,core,NA,NA,NA,NA,NA,bystander,NA,1,0,82.8,7.7,13.3,3,-0.23,1.04,-7.27,0.06,0.12,0.084,0.002,0.005,4,WT-like,WT-like,0,NA,NA,NA,NA,NA,NA,NA,NA,NA,NA,122,NA,NA,
Gs,E30A,30,1x29,TM1,0,0,0,NA,NA,0,core,0,0,NA,NA,NA,bystander,NA,1,0,84.9,13.7,23.6,3,-0.10,0.99,-7.14,0.09,0.18,0.081,0.004,0.008,4,WT-like,WT-like,0,-55.256,34.193,27.153,-56.628,36.496,23.098,4.86,NA,-122.8,-3.9,164,204,-40,
Gs,V31A,31,1x30,TM1,0,0,0,NA,NA,0,core,0,0,NA,NA,NA,bystander,NA,1,0,93.5,4.2,7.3,3,-0.28,1.03,-7.32,0.07,0.13,0.083,0.005,0.009,4,WT-like,WT-like,0,-51.642,35.286,27.49,-53.703,38.735,24.285,5.14,-36,26.6,14.4,126,130,-4,
Gs,W32A,32,1x31,TM1,0,0,0,NA,NA,0,core,0,0,14.57,80.98,516.11,bystander,NA,1,0,72,8.9,15.4,3,0.06,0.96,-6.98,0.16,0.32,0.078,0.001,0.003,4,WT-like,WT-like,0,-50.883,32.332,25.276,-51.724,35.453,24.381,3.35,-19.8,3.9,0.8,129,166,-37,
Gs,V33A,33,1x32,TM1,0,0,0,NA,NA,0,core,0,0,17.12,66.82,440.41,bystander,NA,1,0,96.6,8.9,15.4,3,-0.06,0.99,-7.10,0.07,0.14,0.081,0.004,0.008,4,WT-like,WT-like,0,-51.694,34.026,21.952,-52.205,35.268,20.55,1.94,4.4,-3.2,2.4,42,88,-46,
Gs,V34A,34,1x33,TM1,0,0,0,NA,NA,0,core,0,0,14.53,72.83,655.59,bystander,NA,1,0,76.5,5.4,9.4,3,-0.05,0.94,-7.09,0.14,0.28,0.077,0.006,0.012,4,WT-like,WT-like,0,-48.95,36.651,22.29,-50.513,38.624,19.887,3.48,-16.5,20.1,1.7,98,100,-2,
Gs,G35A,35,1x34,TM1,0,0,0,NA,NA,0,core,0,0,16.79,74.34,529.77,bystander,NA,1,0,104.4,6.7,11.5,3,-0.13,0.97,-7.18,0.25,0.50,0.079,0.004,0.008,4,WT-like,WT-like,0,-46.757,34.172,24.151,-47.641,37.6,22.223,4.03,-0.8,-9.5,2.7,39,24,15,
Gs,M36A,36,1x35,TM1,0,0,0,NA,NA,0,core,0,1,10.36,40.57,294.54,bystander,NA,1,0,77.3,2.8,4.8,3,0.33,0.93,-6.71,0.14,0.29,0.076,0.004,0.008,4,WT-like,WT-like,0,-46.641,31.845,21.155,-47.392,34.182,20.538,2.53,-1.1,-5.5,1.9,56,56,0,
Gs,G37A,37,1x36,TM1,0,0,0,NA,NA,0,core,0,0,11.72,41.18,284.07,bystander,NA,1,0,108.6,8.0,13.8,3,0.20,0.91,-6.84,0.34,0.59,0.076,0.009,0.015,3,WT-like,WT-like,0,-46.704,34.716,18.674,-47.634,35.918,17.147,2.15,11,7.4,4.7,13,16,-3,
Gs,I38A,38,1x37,TM1,0,0,0,NA,NA,0,core,0,0,15.91,69.85,575.89,bystander,NA,1,0,80.8,10.8,18.7,3,0.27,0.98,-6.77,0.18,0.31,0.069,0.006,0.011,3,WT-like,WT-like,0,-43.439,36.094,20.059,-44.741,38.307,17.906,3.35,-11.1,-5.2,-1,100,93,7,
Gs,V39A,39,1x38,TM1,0,0,0,NA,NA,0,core,0,0,14.51,62.12,450.42,bystander,NA,1,0,77.8,2.4,4.2,3,-0.07,0.97,-7.11,0.12,0.23,0.079,0.004,0.007,4,WT-like,WT-like,0,-41.615,32.756,19.979,-42.688,35.268,19.025,2.89,3.9,2.6,2,75,71,4,
Gs,M40A,40,1x39,TM1,0,0,0,NA,NA,0,core,0,0,8.9,35.81,196.16,bystander,NA,1,0,77.9,5.8,10.0,3,0.23,1.02,-6.81,0.09,0.19,0.082,0.006,0.011,4,WT-like,WT-like,0,-42.835,32.139,16.436,-43.397,33.289,15.843,1.41,3.1,2.1,1,17,12,5,
Gs,S41A,41,1x40,TM1,0,0,0,NA,NA,0,core,0,0,11.33,63.61,402.43,bystander,NA,1,0,85.6,3.4,5.9,3,-0.10,1.04,-7.14,0.25,0.49,0.085,0.005,0.010,4,WT-like,WT-like,0,-41.568,35.633,15.627,-42.717,36.491,13.824,2.30,-4.7,-1.7,3.7,75,73,2,
Gs,L42A,42,1x41,TM1,0,0,0,NA,NA,0,core,0,0,16.67,79.96,645.35,bystander,NA,1,0,96.2,7.2,12.4,3,-0.22,0.97,-7.26,0.13,0.27,0.079,0.001,0.002,4,WT-like,WT-like,0,-38.118,34.886,17.034,-39.267,36.781,15.44,2.73,3.4,-7.3,3.1,107,115,-8,
Gs,I43A,43,1x42,TM1,0,0,0,NA,NA,0,core,1,0,10.39,39.83,346.14,passenger,NA,1,0,80.3,8.3,14.4,3,0.14,0.98,-6.90,0.22,0.44,0.079,0.003,0.005,4,WT-like,WT-like,0,-37.98,31.652,15.027,-38.702,33.07,14.638,1.64,-5.9,-7.4,0.9,40,26,14,
Gs,V44A,44,1x43,TM1,0,0,0,NA,NA,0,core,0,0,7.13,33.3,172.08,bystander,NA,1,0,83.6,5.6,9.8,3,0.07,0.77,-6.97,0.35,0.61,0.061,0.006,0.011,3,WT-like,WT-like,0,-39.328,33.133,11.783,-39.409,33.796,10.955,1.06,7.8,12.5,1.1,30,35,-5,
Gs,L45A,45,1x44,TM1,0,0,0,NA,NA,0,core,0,0,9.91,56.75,557.41,bystander,NA,1,0,86.1,11.5,20.0,3,-0.51,0.95,-7.55,0.17,0.34,0.077,0.008,0.015,4,WT-like,WT-like,0,-36.772,35.907,12.269,-37.174,36.92,11.022,1.66,-13.5,-4.5,2.5,112,118,-6,
Gs,A46G,46,1x45,TM1,0,0,0,NA,NA,0,core,0,0,15.3,59.59,488.05,bystander,NA,1,0,93.4,15.0,26.1,3,0.12,0.82,-6.92,0.18,0.36,0.067,0.006,0.012,4,WT-like,WT-like,0,-33.841,33.592,13.012,-34.402,34.887,12.722,1.44,0.8,-4.4,2.7,56,50,6,
Gs,I47A,47,1x46,TM1,0,0,0,NA,NA,0,core,1,0,7.18,22.94,189.36,passenger,NA,1,0,78.9,17.7,35.5,4,-0.13,0.90,-7.17,0.28,0.55,0.073,0.005,0.009,4,WT-like,WT-like,0,-34.398,31.315,10.016,-34.504,32.125,10.089,0.82,7.2,4.2,3.4,1,1,0,
Gs,V48A,48,1x47,TM1,0,0,0,NA,NA,0,core,0,1,9.22,44.65,429.6,bystander,NA,1,0,90.6,9.4,16.3,3,0.34,0.85,-6.70,0.06,0.12,0.069,0.005,0.011,4,WT-like,WT-like,0,-34.758,34.228,7.604,-34.654,34.496,7.106,0.58,-4.1,-16.5,-2.2,30,42,-12,
Gs,F49A,49,1x48,TM1,0,0,0,NA,NA,0,core,0,0,12.72,53.47,562.87,modulator,lipid interaction,1,0,90.7,15.4,26.7,3,-0.15,0.71,-7.19,0.19,0.33,0.059,0.007,0.013,3,WT-like,reduced,1,-32.008,36.551,8.825,-32.025,36.972,8.451,0.56,8.9,14,-2.1,114,108,6,
Gs,G50A,50,1x49,TM1,0,0,0,NA,NA,0,core,0,0,1,5.58,136.21,bystander,NA,1,0,64.6,16.7,28.9,3,-0.12,0.79,-7.16,0.48,0.82,0.056,0.011,0.020,3,WT-like,WT-like,0,-29.669,33.571,9.165,-29.401,34.414,9.427,0.92,-4,-14.9,4.3,9,11,-2,
Gs,N51A,51,1x50,TM1,0,0,0,NA,NA,1,core,NA,NA,1,1,15.74,NA,NA,1,1,18.8,5.9,10.3,3,0.96,0.38,-6.08,0.24,0.42,0.031,0.002,0.004,3,NA,NA,NA,NA,NA,NA,NA,NA,NA,NA,NA,NA,NA,1,0,1,
Gs,V52A,52,1x51,TM1,0,0,0,NA,NA,0,core,0,0,8.14,46.91,504.95,bystander,NA,1,0,103.3,17.8,30.9,3,-0.21,0.99,-7.25,0.19,0.34,0.081,0.001,0.002,3,WT-like,WT-like,0,-30.466,35.146,3.894,-29.748,35.326,4.034,0.75,1.6,-4.5,-1.1,63,58,5,10.1038/s41594-021-00674-7
Gs,L53A,53,1x52,TM1,0,0,0,NA,NA,0,core,0,1,1.71,20.41,380.33,bystander,NA,1,0,78.8,17.7,30.7,3,0.09,0.87,-6.95,0.17,0.30,0.073,0.005,0.008,3,WT-like,WT-like,0,-27.281,36.311,5.606,-26.51,36.272,5.86,0.81,6.2,-6.5,2.2,24,26,-2,
Gs,V54A,54,1x53,TM1,0,0,0,neutral,NA,0,core,1,1,1,4.87,117.84,passenger,NA,1,0,73.2,22.5,39.0,3,0.35,0.94,-6.69,0.15,0.26,0.077,0.002,0.003,3,WT-like,WT-like,0,-25.447,33.133,4.606,-24.939,32.819,5.185,0.83,3.7,-8.4,1.8,0,2,-2,10.1038/s41467-022-29609-6 
Gs,I55A,55,1x54,TM1,0,0,1,NA,NA,0,core,NA,NA,6.06,29.15,299.64,NA,NA,1,1,14.5,8.0,13.8,3,0.93,0.43,-6.11,0.32,0.55,0.035,0.002,0.003,3,NA,NA,NA,NA,NA,NA,NA,NA,NA,NA,NA,NA,NA,39,39,0,
Gs,T56A,56,1x55,TM1,0,0,0,NA,NA,0,core,0,1,11.05,53.27,562.6,bystander,NA,1,0,90.5,14.7,25.5,3,0.03,1.05,-7.01,0.09,0.15,0.087,0.004,0.007,3,WT-like,WT-like,0,-26.112,36.817,0.287,-24.542,36.415,1.017,1.78,-6.5,15.4,-5.6,58,57,1,
Gs,A57G,57,1x56,TM1,0,0,0,NA,NA,0,core,1,1,1.91,13.42,258.76,passenger,NA,1,0,38.2,6.1,10.5,3,0.86,0.96,-6.18,0.14,0.25,0.080,0.008,0.014,3,WT-like,WT-like,0,-22.813,36.546,2.154,-21.241,35.601,2.831,1.96,0,-0.1,0.1,0,0,0,
Gs,I58A,58,1x57,TM1,0,0,1,neutral,NA,0,core,0,1,2.01,14.74,176.67,modulator,cholesterol binding,1,0,29.8,4.2,7.3,3,0.58,0.63,-6.46,0.15,0.25,0.051,0.004,0.007,3,WT-like,reduced,1,-21.723,33.866,-0.317,-20.436,32.522,0.702,2.12,3,16.9,1.8,5,9,-4,
Gs,A59G,59,1x58,TM1,0,0,1,NA,NA,0,core,0,1,8.74,48.13,585.54,bystander,NA,1,0,62,4.5,7.8,3,0.70,0.91,-6.34,0.14,0.25,0.076,0.006,0.010,3,WT-like,WT-like,0,-22.993,36.09,-3.135,-21.612,34.257,-2.524,2.37,-11.7,-9.5,0.8,68,72,-4,
Gs,K60A,60,1x59,TM1,0,0,0,NA,NA,0,core,0,1,7.47,42.03,540.31,modulator,lipid interaction,1,0,36.7,5.8,10.0,3,1.05,0.68,-5.99,0.34,0.59,0.056,0.003,0.006,3,reduced,reduced,1,-21.15,39.309,-2.256,-19.592,37.418,-1.753,2.50,-6.2,46.6,-7.8,121,156,-35,
Gs,F61A,61,1x60,TM1,0,0,0,NA,NA,0,core,0,0,NA,NA,NA,bystander,NA,1,0,59.1,4.8,8.3,3,0.43,0.85,-6.61,0.09,0.15,0.070,0.002,0.003,3,WT-like,WT-like,0,-17.907,37.633,-1.145,-16.331,36.183,-0.194,2.34,-28.9,9.4,7.4,52,28,24,
Gs,E62A,62,12x48,ICL1,0,1,0,NA,NA,0,G protein,0,0,NA,NA,NA,bystander,NA,1,0,81.2,8.9,15.5,3,0.51,1.28,-6.53,0.02,0.03,0.090,0.009,0.016,3,WT-like,WT-like,0,-15.654,35.946,-3.702,-14.056,34.152,-2.539,2.67,-23.5,20.2,10.2,169,92,77,
Gs,R63A,63,12x49,ICL1,0,1,0,neutral,NA,0,G protein,1,1,NA,NA,NA,passenger,NA,1,0,101.7,24.3,42.0,3,0.40,1.19,-6.64,0.14,0.24,0.098,0.002,0.004,3,WT-like,WT-like,0,-13.666,34.02,-1.073,-12.296,32.767,0.587,2.49,-22.5,19.5,3.3,156,35,121,
Gs,L64A,64,12x50,ICL1,0,0,0,neutral,NA,0,other,NA,NA,NA,NA,NA,NA,NA,1,1,17,4.6,8.0,3,0.75,0.38,-6.29,0.16,0.28,0.032,0.005,0.009,3,NA,NA,NA,NA,NA,NA,NA,NA,NA,NA,NA,NA,NA,3,2,1,
Gs,Q65A,65,12x51,ICL1,0,0,1,NA,NA,0,other,1,1,NA,NA,NA,passenger,NA,1,0,60.9,5.0,8.6,3,0.11,0.82,-6.93,0.12,0.20,0.068,0.004,0.007,3,WT-like,WT-like,0,-16.979,30.457,-3.682,-16.197,29.619,-1.951,2.08,6.6,-72.2,0.3,63,79,-16,
Gs,T66A,66,2x37,TM2,0,0,0,NA,NA,0,core,1,1,NA,NA,NA,disconnected driver,disconnected driver,1,0,27.1,5.0,8.7,3,0.75,0.70,-6.29,0.45,0.63,0.062,0.006,0.008,2,WT-like,reduced,1,-15.071,27.331,-2.62,-15.351,25.966,-1.222,1.97,65.1,-26.7,1.8,58,68,-10,
Gs,V67A,67,2x38,TM2,0,0,0,NA,NA,0,core,0,1,NA,NA,NA,bystander,NA,1,0,68,15.7,27.1,3,-0.32,0.86,-7.36,0.01,0.02,0.072,0.002,0.004,3,WT-like,WT-like,0,-16.541,24.121,-4.042,-17.233,22.754,-2.104,2.47,9.3,1.9,3.7,15,44,-29,
Gs,T68A,68,2x39,TM2,0,1,0,NA,NA,0,G protein,1,1,1.64,16.21,130.47,connected driver,G protein binding,1,0,57.9,12.5,21.6,3,0.13,0.72,-6.91,0.27,0.47,0.060,0.005,0.009,3,WT-like,reduced,1,-17.147,22.69,-0.566,-18.438,22.31,1.505,2.47,-7.2,17,2.8,20,42,-22,
Gs,N69A,69,2x40,TM2,0,0,0,neutral,NA,0,core,0,1,3.4,8.8,104.04,bystander,NA,1,0,62.6,5.3,9.2,3,0.34,0.84,-6.70,0.21,0.37,0.070,0.006,0.010,3,WT-like,WT-like,0,-19.149,25.807,0.296,-19.802,25.873,1.45,1.33,-5.9,-5.4,6.6,18,17,1,
Gs,Y70A,70,2x41,TM2,0,0,1,NA,NA,0,core,1,1,5.95,27.45,290.45,passenger,NA,1,0,52.9,4.1,7.1,3,0.50,0.94,-6.54,0.07,0.12,0.078,0.003,0.005,3,WT-like,WT-like,0,-21.685,25.203,-2.485,-21.769,25.13,-1.765,0.73,13.7,1.5,0.6,39,57,-18,
Gs,F71A,71,2x42,TM2,0,0,0,NA,NA,0,core,1,1,2.8,11.89,120.1,connected driver,connected driver,1,0,26.9,10.0,17.3,3,1.10,0.60,-5.94,0.12,0.21,0.050,0.004,0.007,3,reduced,reduced,1,-23.184,22.33,-0.488,-23.627,22.38,0.152,0.78,10.7,-13.4,5.1,1,18,-17, 10.1038/s41594-021-00674-7
Gs,I72A,72,2x43,TM2,0,0,0,NA,NA,0,core,1,1,3.65,21.14,137.99,connected driver,connected driver,1,0,45.7,12.3,21.4,3,1.21,0.74,-5.83,0.20,0.34,0.062,0.003,0.005,3,reduced,WT-like,1,-23.657,24.617,2.519,-23.99,24.777,3.074,0.67,-3.7,19.3,-2.9,3,13,-10,
Gs,T73A,73,2x44,TM2,0,0,1,NA,NA,0,core,0,0,6.22,29.57,291.08,bystander,NA,1,0,98.9,14.3,24.7,3,-0.68,0.91,-7.72,0.07,0.11,0.074,0.005,0.008,3,WT-like,WT-like,0,-25.21,27.08,0.069,-25.569,27.248,0.637,0.69,-8.5,0,-2.5,34,30,4,
Gs,S74A,74,2x45,TM2,0,0,1,NA,NA,0,core,0,0,NA,NA,NA,NA,NA,1,0,85.7,16.0,27.7,3,0.61,1.35,-6.43,0.15,0.26,0.095,0.014,0.025,3,WT-like,increased,NA,-27.757,24.408,-0.811,-27.93,24.493,-0.523,0.35,3.8,-7.8,0.3,6,7,-1,
Gs,L75A,75,2x46,TM2,0,0,0,NA,NA,0,core,1,1,1,4.04,48.59,passenger,NA,1,0,81,8.8,15.2,3,0.56,1.15,-6.48,0.03,0.05,0.089,0.004,0.006,3,WT-like,WT-like,0,-28.358,23.972,2.914,-28.732,23.827,3.181,0.48,11.9,-2.4,6.3,1,3,-2,
Gs,A76G,76,2x47,TM2,0,0,0,NA,NA,0,core,0,0,2.83,4.26,124.31,modulator,network modifier,1,0,31.7,6.6,11.4,3,1.53,0.60,-5.51,0.32,0.56,0.047,0.005,0.008,3,reduced,reduced,1,-28.86,27.731,3.266,-29.223,27.597,3.783,0.65,0.6,-12.4,1,1,3,-2,
Gs,C77A,77,2x48,TM2,0,0,1,NA,NA,0,core,0,0,13.32,44.28,432.47,bystander,NA,1,0,107.2,20.7,35.8,3,0.21,1.13,-6.83,0.35,0.60,0.087,0.003,0.004,3,WT-like,WT-like,0,-31.384,27.858,0.419,-31.711,27.78,0.808,0.51,9,-10.7,2.1,48,47,1,
Gs,A78G,78,2x49,TM2,0,0,0,NA,NA,0,core,1,0,1,14.49,211.56,disconnected driver,disconnected driver,1,0,62.4,9.6,16.6,3,1.10,0.83,-5.94,0.08,0.14,0.064,0.004,0.007,3,reduced,WT-like,1,-33.292,24.836,1.719,-33.841,24.945,2.226,0.76,9.6,-2.4,5.7,0,0,0,
Gs,D79A,79,2x50,TM2,0,0,0,NA,NA,1,core,1,0,1,1,43.06,connected driver,x50,1,0,64.7,10.1,17.5,3,1.66,0.53,-5.38,0.15,0.27,0.041,0.003,0.005,3,reduced,reduced,1,-33.506,26.426,5.164,-33.967,26.786,5.565,0.71,-6.9,19,3.3,4,0,4,
Gs,L80A,80,2x51,TM2,0,0,1,NA,NA,0,core,1,0,1.64,17.45,301.26,passenger,NA,1,0,68.9,5.6,9.7,3,0.37,0.82,-6.67,0.43,0.74,0.064,0.003,0.006,3,WT-like,WT-like,0,-34.407,29.849,3.755,-34.608,30.127,3.821,0.35,-11.8,-4,-0.6,32,32,0,
Gs,V81A,81,2x52,TM2,0,0,1,NA,NA,0,core,0,0,3.85,28.37,331.13,bystander,NA,1,0,85.4,5.4,9.3,3,-0.40,0.94,-7.44,0.14,0.24,0.073,0.007,0.013,3,WT-like,WT-like,0,-37.624,28.659,2.113,-37.611,28.584,2.003,0.13,3.6,18.7,7.5,55,52,3,
Gs,M82A,82,2x53,TM2,0,0,0,NA,NA,0,core,1,0,3.78,13.94,212.71,disconnected driver,disconnected driver,1,0,89.4,14.6,25.4,3,2.14,1.20,-4.90,0.11,0.20,0.093,0.003,0.005,3,reduced,WT-like,1,-38.278,27.107,5.524,-38.813,27.135,5.373,0.56,-8.7,-7.4,3.5,2,0,2,
Gs,G83A,83,2x54,TM2,0,0,0,NA,NA,0,core,0,0,4.35,11.67,225.45,modulator,not determined,1,0,70.8,5.8,10.1,3,0.95,0.89,-6.09,0.13,0.23,0.069,0.002,0.004,3,reduced,WT-like,1,-38.729,30.342,7.469,-38.636,30.655,6.847,0.70,-27.4,45.8,-2.4,0,0,0,
Gs,L84A,84,2x55,TM2,0,0,1,NA,NA,0,core,0,1,5.87,57.25,399.43,bystander,NA,1,0,89.3,4.4,7.6,3,-0.13,1.07,-7.17,0.25,0.43,0.083,0.000,0.001,3,WT-like,WT-like,0,-40.168,32.174,4.479,-40.529,32.316,3.951,0.66,-8.6,-20.7,-9.5,102,108,-6,
Gs,A85G,85,2x551,TM2,0,0,1,NA,NA,0,core,0,0,8.19,31.67,317.25,bystander,NA,1,0,110.6,8.5,14.7,3,0.27,0.98,-6.77,0.19,0.32,0.076,0.003,0.005,3,WT-like,WT-like,0,-43.145,30.125,3.303,-42.852,29.649,2.537,0.95,8.6,-32,2.1,17,20,-3,
Gs,V86A,86,2x56,TM2,0,0,0,NA,NA,0,core,0,0,4.11,10.38,224.28,modulator,ligand binding modifier,1,0,85.5,16.9,29.3,3,1.19,0.78,-5.85,0.12,0.21,0.055,0.008,0.014,3,reduced,WT-like,1,-43.461,27.078,5.574,-43.432,27.163,5.388,0.21,43.5,4.7,2,0,0,0,
Gs,V87A,87,2x57,TM2,0,0,0,NA,NA,0,core,NA,NA,6.78,17.6,268.45,NA,NA,1,1,11.2,2.3,4.0,3,0.94,0.41,-6.10,0.48,0.84,0.032,0.005,0.009,3,NA,NA,NA,NA,NA,NA,NA,NA,NA,NA,NA,NA,NA,0,0,0,
Gs,P88A,88,2x58,TM2,0,0,0,NA,NA,0,core,NA,NA,1,6.04,165.18,NA,NA,1,1,14.3,7.6,13.2,3,1.51,0.32,-5.53,0.48,0.83,0.025,0.005,0.009,3,NA,NA,NA,NA,NA,NA,NA,NA,NA,NA,NA,NA,NA,39,31,8,
Gs,F89A,89,2x59,TM2,0,0,0,NA,NA,0,core,0,1,3.54,28.04,254.13,bystander,NA,1,0,114.9,21.8,37.7,3,0.05,0.83,-6.99,0.28,0.48,0.064,0.004,0.008,3,WT-like,WT-like,0,-47.641,30.264,7.353,-48.341,29.897,7.211,0.80,14.3,-0.2,3.2,54,95,-41,
Gs,G90A,90,2x60,TM2,0,0,0,NA,NA,0,core,0,0,3.14,20.94,236.47,bystander,NA,1,0,114.3,19.8,34.3,3,0.46,1.12,-6.58,0.16,0.29,0.087,0.002,0.004,3,WT-like,WT-like,0,-47.502,27.538,9.991,-47.848,27.17,9.824,0.53,-7.8,5.2,1.8,4,5,-1,
Gs,A91G,91,2x61,TM2,0,0,0,NA,NA,0,core,0,0,2.49,25.64,291.33,bystander,NA,1,0,117.8,15.7,27.2,3,-0.09,0.98,-7.13,0.18,0.31,0.076,0.000,0.001,3,WT-like,WT-like,0,-47.229,30.168,12.712,-47.814,29.991,12.435,0.67,-5.3,-0.3,-3.5,8,7,1,
Gs,A92G,92,2x62,TM2,0,0,0,NA,NA,0,core,0,1,10.56,45.48,504.58,bystander,NA,1,0,95,11.5,20.0,3,0.10,0.81,-6.94,0.07,0.12,0.062,0.001,0.002,3,WT-like,WT-like,0,-50.2,32.107,11.366,-50.969,31.621,11.002,0.98,3.3,7.8,2.7,23,47,-24,
Gs,H93A,93,2x63,TM2,0,0,0,NA,NA,0,core,0,1,8.27,32.24,307.58,bystander,NA,1,0,90.4,3.2,5.5,3,0.62,0.84,-6.42,0.05,0.09,0.065,0.003,0.004,3,WT-like,WT-like,0,-51.9,28.707,11.157,-52.711,28.227,10.842,0.99,-7.3,1.9,-0.9,36,57,-21,
Gs,I94A,94,2x64,TM2,0,0,0,NA,NA,0,core,0,1,NA,NA,NA,bystander,NA,1,0,88.9,14.3,24.8,3,0.37,0.94,-6.67,0.20,0.35,0.073,0.001,0.002,3,WT-like,WT-like,0,-51.412,28.165,14.899,-52.126,27.766,14.597,0.87,-1.8,21.3,-1.3,50,67,-17,
Gs,L95A,95,2x65,TM2,0,0,0,NA,NA,0,core,0,1,NA,NA,NA,bystander,NA,1,0,68.2,13.0,22.6,3,0.16,0.88,-6.88,0.14,0.25,0.068,0.003,0.005,3,WT-like,WT-like,0,-52.531,31.746,15.564,-52.987,31.34,15.676,0.62,-9.2,-4.1,7.5,35,84,-49,
Gs,M96A,96,2x66,TM2,0,0,0,NA,NA,0,core,0,0,NA,NA,NA,bystander,NA,1,0,88.8,6.2,10.8,3,0.43,0.80,-6.61,0.40,0.69,0.062,0.006,0.010,3,WT-like,WT-like,0,-55.83,31.637,13.643,-56.175,31.495,13.557,0.38,-2.8,5.1,1,109,83,26,
Gs,K97A,97,ECL1,ECL1,0,0,0,NA,NA,0,other,0,1,NA,NA,NA,bystander,NA,1,0,67.1,5.4,9.3,3,0.57,0.93,-6.47,0.01,0.02,0.072,0.007,0.013,3,WT-like,WT-like,0,-56.711,28.114,14.838,-57.06,27.853,14.484,0.56,-2.4,-3.1,-0.8,146,90,56,
Gs,M98A,98,23x49,ECL1,0,0,0,NA,NA,0,other,0,1,NA,NA,NA,bystander,NA,1,0,108.5,1.3,2.3,3,0.16,0.88,-6.88,0.13,0.22,0.061,0.006,0.011,3,WT-like,WT-like,0,-57.696,27.312,11.251,-58.038,27.18,10.845,0.55,-3.6,2.5,5.8,73,51,22,
Gs,W99A,99,23x50,ECL1,0,0,0,NA,NA,0,other,NA,NA,NA,NA,NA,NA,NA,2,1,9.2,3.3,6.6,4,2.59,0.00,-4.45,1.50,2.59,0.000,0.000,0.000,3,NA,NA,NA,NA,NA,NA,NA,NA,NA,NA,NA,NA,NA,0,9,-9,
Gs,T100A,100,23x51,ECL1,0,0,0,NA,NA,0,other,0,0,NA,NA,NA,bystander,NA,1,0,119.9,8.1,16.2,4,0.10,1.01,-6.94,0.38,0.66,0.086,0.003,0.005,3,WT-like,WT-like,0,-57.361,30.672,5.797,-57.467,30.544,5.337,0.49,17.8,1.7,2.8,71,115,-44,
Gs,F101A,101,23x52,ECL1,0,0,0,NA,NA,0,other,0,1,NA,NA,NA,modulator,lipid interaction,1,0,50.9,6.7,11.7,3,0.52,0.50,-6.52,0.06,0.11,0.043,0.003,0.005,3,WT-like,reduced,1,-55.12,29.985,2.797,-55.214,30.155,2.253,0.58,10.2,-7.9,4.3,74,57,17,10.1038/s41594-021-00674-7
Gs,G102A,102,3x21,TM3,0,0,0,NA,NA,0,core,0,1,NA,NA,NA,modulator,not determined,1,0,31.3,7.0,12.2,3,1.20,0.41,-5.84,0.65,1.13,0.034,0.004,0.007,3,reduced,reduced,1,-57.609,27.839,0.887,-57.398,27.507,0.503,0.55,7.4,11.4,0.9,26,19,7,
Gs,N103A,103,3x22,TM3,0,0,0,NA,NA,0,core,0,0,NA,NA,NA,bystander,NA,1,0,123.4,2.7,4.7,3,-0.29,0.88,-7.33,0.09,0.16,0.075,0.004,0.007,3,WT-like,WT-like,0,-57.413,24.281,-0.403,-56.833,23.916,-0.636,0.72,-14,-24.8,0.5,59,15,44,
Gs,F104A,104,3x23,TM3,0,0,0,NA,NA,0,core,0,0,15.85,75.95,706.87,bystander,NA,1,0,115.4,5.3,9.2,3,0.17,0.99,-6.87,0.14,0.24,0.084,0.002,0.003,3,WT-like,WT-like,0,-55.127,24.362,-3.449,-54.442,24.628,-3.53,0.74,6.5,12.7,-0.6,150,139,11,
Gs,W105A,105,3x24,TM3,0,0,0,NA,NA,0,core,0,1,6.81,43.01,420.11,bystander,NA,1,0,97.7,6.0,10.4,3,-0.47,0.91,-7.51,0.22,0.38,0.076,0.009,0.015,3,WT-like,WT-like,0,-52.726,26.623,-1.557,-51.95,26.388,-1.323,0.84,-9.8,11.7,-0.5,63,110,-47,
Gs,C106A,106,3x25,TM3,0,0,0,NA,NA,0,core,NA,NA,1,1.47,48.75,NA,NA,2,1,15.7,6.6,11.5,3,3.04,0.00,-4.00,0.00,0.00,0.000,0.000,0.000,3,NA,NA,NA,NA,NA,NA,NA,NA,NA,NA,NA,NA,NA,17,15,2,
Gs,E107A,107,3x26,TM3,0,0,0,NA,NA,0,core,0,1,8.37,35.8,349.27,modulator,not determined,1,0,68.8,9.2,15.9,3,0.45,0.72,-6.59,0.17,0.29,0.061,0.003,0.005,3,WT-like,reduced,1,-51.676,21.664,-0.855,-51.281,21.054,-0.7,0.74,0.5,-9.7,-0.5,37,50,-13,
Gs,F108A,108,3x27,TM3,0,0,1,NA,NA,0,core,0,0,10.38,48.07,578.77,bystander,NA,1,0,61.9,21.7,37.6,3,0.62,0.98,-6.42,0.06,0.10,0.083,0.003,0.005,3,WT-like,WT-like,0,-48.949,23.965,-2.179,-48.49,23.251,-2.162,0.85,14.6,-0.1,4.6,64,69,-5,
Gs,W109A,109,3x28,TM3,0,0,0,NA,NA,0,core,0,1,1.64,10.69,159.39,bystander,NA,1,0,69.9,30.2,52.3,3,0.46,0.96,-6.58,0.34,0.59,0.081,0.003,0.006,3,WT-like,WT-like,0,-47.905,24.911,1.363,-47.454,24.481,1.305,0.63,-9.1,2.9,1.5,21,40,-19,
Gs,T110A,110,3x29,TM3,0,0,0,NA,NA,0,core,0,1,3.03,26.56,306.08,modulator,ligand binding modifier,1,0,106.1,5.8,10.1,3,0.88,0.99,-6.16,0.14,0.25,0.069,0.005,0.008,3,reduced,WT-like,1,-47.806,21.324,2.638,-47.425,20.874,2.523,0.60,-3.2,0.6,0.8,12,23,-11,
Gs,S111A,111,3x30,TM3,0,0,0,NA,NA,0,core,0,0,2.41,30.16,280.41,bystander,NA,1,0,110.2,7.9,15.7,4,0.38,0.88,-6.66,0.47,0.82,0.075,0.001,0.002,3,WT-like,WT-like,0,-45.724,20.41,-0.416,-45.187,19.824,-0.416,0.79,4.9,-13.4,-0.8,0,0,0,
Gs,I112A,112,3x31,TM3,0,0,1,NA,NA,0,core,0,0,6.08,34.57,374.74,bystander,NA,1,0,115.7,7.3,14.6,4,0.33,0.92,-6.71,0.63,1.09,0.079,0.004,0.007,3,WT-like,WT-like,0,-43.166,23.173,0.135,-42.596,22.595,0.267,0.82,9.9,8,-0.5,16,21,-5,
Gs,D113A,113,3x32,TM3,1,0,0,NA,NA,0,ligand,0,0,1,3.39,228.74,modulator,ligand binding,2,0,128,7.2,14.3,4,0.35,0.00,-6.69,0.31,0.54,0.000,0.000,0.000,3,reduced,reduced,1,-43.059,21.969,3.755,-42.527,21.652,3.952,0.65,-5.9,-2.6,1.1,19,17,2,
Gs,V114A,114,3x33,TM3,1,0,0,NA,NA,0,ligand,0,0,5.17,21.81,299.7,modulator,ligand binding,1,0,115.8,6.6,11.5,3,2.65,0.99,-4.39,0.12,0.20,0.084,0.005,0.008,3,reduced,WT-like,1,-42.098,18.396,2.944,-41.654,18.003,3.158,0.63,5.7,-4.5,2,26,27,-1,
Gs,L115A,115,3x34,TM3,0,0,1,NA,NA,0,core,0,0,1,22.49,436.33,bystander,NA,1,0,107.8,4.7,8.2,3,0.54,0.76,-6.50,0.10,0.17,0.065,0.001,0.002,3,WT-like,WT-like,0,-39.695,19.612,0.249,-39.23,19.066,0.319,0.72,1.6,7.3,-4.2,25,29,-4,
Gs,C116A,116,3x35,TM3,0,0,0,NA,NA,0,core,0,0,1.64,18.46,238.36,modulator,network modifier,1,0,107.1,2.6,4.4,3,-0.02,0.64,-7.06,0.21,0.37,0.054,0.002,0.004,3,WT-like,reduced,1,-37.866,21.908,2.676,-37.173,21.44,2.47,0.86,-3,0.2,1.8,1,2,-1,
Gs,V117A,117,3x36,TM3,1,0,0,NA,NA,0,ligand,1,1,2.01,12.72,233.25,disconnected driver,ligand binding,1,0,77.5,9.3,22.7,3,0.55,0.68,-6.49,0.10,0.17,0.057,0.006,0.010,3,WT-like,reduced,1,-37.621,19.182,5.308,-36.816,18.923,5.313,0.85,6.5,-15.7,1.6,11,8,3,
Gs,T118A,118,3x37,TM3,0,0,0,NA,NA,0,core,0,0,1,16.67,322.28,modulator,ligand binding modifier,1,0,55.9,11.0,26.9,3,2.50,0.61,-4.54,0.11,0.18,0.053,0.008,0.014,3,reduced,reduced,1,-36.258,16.582,2.897,-35.899,16.139,2.81,0.58,10.9,-1.1,3.5,4,0,4,
Gs,A119G,119,3x38,TM3,0,0,0,NA,NA,0,core,1,1,2.27,17.7,338.33,disconnected driver,disconnected driver,1,0,67.3,5.7,13.9,3,0.34,0.72,-6.70,0.11,0.20,0.061,0.002,0.004,3,WT-like,reduced,1,-33.851,19.053,1.294,-33.35,18.307,0.922,0.97,1.9,-6.6,-0.4,0,0,0,
Gs,S120A,120,3x39,TM3,0,0,0,NA,NA,0,core,1,1,1,1,125.02,connected driver,connected driver,1,0,78.3,9.9,24.2,3,1.49,0.84,-5.55,0.17,0.29,0.072,0.005,0.009,3,reduced,WT-like,1,-32.585,20.152,4.71,-31.787,19.392,4.247,1.20,1.5,-10.9,0.7,2,0,2,
Gs,I121A,121,3x40,TM3,0,0,0,NA,PIF,0,core,1,1,1,13.81,242.42,connected driver,motif,1,0,72.1,34.2,59.2,3,2.12,0.43,-4.92,0.17,0.25,0.037,0.001,0.002,2,reduced,reduced,1,-31.922,16.72,6.217,-31.003,15.852,5.474,1.47,16,-19.2,3.6,0,0,0,
Gs,E122A,122,3x41,TM3,0,0,0,negative,NA,0,core,1,1,7.05,26.45,284.65,passenger,NA,1,0,102.4,10.6,18.4,3,0.83,1.17,-6.21,0.06,0.11,0.082,0.008,0.015,3,WT-like,WT-like,0,-30.609,15.319,2.935,-30.01,14.681,1.961,1.31,12.9,-7.9,2.4,28,35,-7,10.1038/s41594-021-00674-7
Gs,T123A,123,3x42,TM3,0,0,0,NA,NA,0,core,1,0,4.58,12.91,203.27,disconnected driver,disconnected driver,1,0,34.1,3.7,6.4,3,0.02,0.47,-7.02,0.07,0.12,0.036,0.001,0.002,3,WT-like,reduced,1,-28.221,18.249,2.488,-27.526,17.588,1.776,1.19,5.5,4.4,-0.3,2,1,1,10.1038/s41594-021-00674-7
Gs,L124A,124,3x43,TM3,0,0,0,NA,NA,0,core,1,1,1,5.21,80.7,connected driver,connected driver,2,0,27.8,3.6,6.3,3,-0.07,0.00,-7.11,0.11,0.19,0.000,0.000,0.000,3,reduced,reduced,1,-26.885,17.814,6.019,-26.183,16.932,5.25,1.36,-1.8,-1.4,-1.8,2,1,1,
Gs,C125A,125,3x44,TM3,0,0,0,negative,NA,0,core,0,0,1,15.5,246.63,modulator,network modifier,2,0,113.1,9.2,16.0,3,0.82,0.00,-6.22,0.78,1.34,0.000,0.000,0.000,3,reduced,reduced,1,-26.225,14.184,5.109,-25.71,13.344,4.18,1.35,5.5,-5.9,3.9,13,11,2,
Gs,V126A,126,3x45,TM3,0,0,0,positive,NA,0,core,0,0,6.74,26.79,296.2,bystander,NA,1,0,90.2,6.3,10.9,3,0.79,1.04,-6.25,0.11,0.20,0.081,0.003,0.005,3,WT-like,WT-like,0,-24.43,15.33,1.954,-23.819,14.517,1.03,1.37,7.5,-12.8,-1.4,32,22,10,
Gs,I127A,127,3x46,TM3,0,0,0,NA,NA,0,core,1,1,1.92,5.25,82.14,connected driver,connected driver,1,0,77.2,23.5,47.0,4,1.87,1.03,-5.17,0.21,0.36,0.080,0.008,0.014,3,reduced,WT-like,1,-22.114,17.604,3.931,-21.578,16.686,3.279,1.25,5.9,-1.8,-3,1,8,-7,
Gs,A128G,128,3x47,TM3,0,0,0,NA,NA,0,core,0,1,3.37,10.95,110.64,bystander,NA,1,0,67.3,24.1,48.2,4,-0.15,0.85,-7.19,0.15,0.25,0.066,0.000,0.001,3,WT-like,WT-like,0,-21.508,14.706,6.306,-20.714,13.618,5.352,1.65,10.8,0.9,-0.9,0,0,0,
Gs,V129A,129,3x48,TM3,0,0,0,negative,NA,0,core,1,1,5.92,32.43,272.35,passenger,NA,1,0,80.3,28.0,56.1,4,0.81,1.10,-6.23,0.09,0.15,0.085,0.002,0.004,3,WT-like,WT-like,0,-20.424,12.682,3.271,-19.833,11.472,2.325,1.65,1.6,8.6,2.5,53,47,6,
Gs,D130A,130,3x49,TM3,0,0,0,positive,DRY,0,core,1,1,1,4.61,49.49,connected driver,motif,1,0,57.9,17.6,35.1,4,0.02,0.71,-7.02,0.20,0.28,0.053,0.004,0.006,2,WT-like,reduced,1,-18.189,15.565,2.189,-17.859,14.396,0.793,1.85,-2.3,-2.1,5,11,9,2,
Gs,R131A,131,3x50,TM3,0,1,0,NA,DRY,1,G protein,1,1,1,1,61.11,passenger,NA,1,0,52.9,15.8,31.6,4,0.52,0.78,-6.52,0.08,0.14,0.060,0.006,0.010,3,WT-like,WT-like,0,-16.31,15.596,5.489,-15.942,14.97,4.064,1.60,-4.3,-5.8,-2.7,26,39,-13,
Gs,Y132A,132,3x51,TM3,0,0,0,NA,DRY,0,core,0,0,2.62,12.83,160.14,modulator,motif,1,0,58.8,18.1,36.2,4,0.78,0.73,-6.26,0.40,0.70,0.056,0.005,0.009,3,WT-like,reduced,1,-16.175,11.793,5.638,-15.234,11.221,4.321,1.72,6.2,6.4,-0.1,81,43,38,10.1038/s41594-021-00674-7
Gs,F133A,133,3x52,TM3,0,0,0,positive,NA,0,core,1,1,9.91,33.88,324.96,passenger,NA,1,0,55.1,7.0,12.2,3,0.49,0.95,-6.55,0.30,0.51,0.074,0.002,0.003,3,WT-like,WT-like,0,-14.579,11.861,2.194,-13.569,11.129,0.885,1.81,-0.1,-1.1,3.9,97,85,12,
Gs,A134G,134,3x53,TM3,0,1,0,NA,NA,0,G protein,1,1,3.68,11.8,97.47,passenger,NA,1,0,88.1,10.9,18.9,3,0.86,0.80,-6.18,0.05,0.09,0.056,0.004,0.007,3,WT-like,WT-like,0,-12.214,14.632,3.262,-11.852,14.482,1.528,1.78,-3.6,-6.7,0.8,0,0,0,
Gs,I135A,135,3x54,TM3,0,1,0,NA,NA,0,G protein,1,1,3.8,15,114.38,disconnected driver,G protein binding,1,0,73.9,3.5,6.0,3,0.36,0.48,-6.68,0.15,0.27,0.037,0.003,0.006,3,WT-like,reduced,1,-10.818,12.937,6.361,-10.27,13.272,4.796,1.69,-2.8,-12.2,4.1,1,0,1,
Gs,T136A,136,3x55,TM3,0,1,0,NA,NA,0,G protein,1,1,5.52,29.59,172.8,passenger,NA,1,0,90.4,16.3,32.5,4,0.06,0.96,-6.98,0.01,0.01,0.074,0.005,0.008,3,WT-like,WT-like,0,-11.192,9.343,5.122,-9.22,9.839,3.409,2.66,24.2,-57.7,-4,54,8,46,
Gs,S137A,137,3x56,TM3,0,0,0,positive,NA,0,core,1,1,10.86,45.81,393.65,passenger,NA,1,0,69.9,11.7,20.2,3,0.15,0.83,-6.89,0.17,0.29,0.064,0.002,0.004,3,WT-like,WT-like,0,-9.678,9.541,1.647,-7.772,11.256,0.161,2.96,-37.5,-74.3,8.9,8,40,-32,
Gs,P138A,138,34x50,ICL2,0,1,0,NA,NA,0,G protein,1,0,NA,NA,NA,disconnected driver,G protein binding,1,0,82.6,10.9,21.7,4,1.14,0.92,-5.90,0.33,0.58,0.071,0.003,0.005,3,reduced,WT-like,1,-7.854,12.912,1.719,-3.978,11.538,-0.288,4.58,5.5,-21.9,8,115,0,115,
Gs,F139A,139,34x51,ICL2,0,1,0,NA,NA,0,G protein,0,1,NA,NA,NA,modulator,G protein binding,1,0,105.6,20.3,40.5,4,1.52,0.70,-5.52,0.20,0.35,0.054,0.002,0.003,3,reduced,reduced,1,-5.648,12.098,-1.268,-4.753,15.158,-1.353,3.19,35.3,-94.8,-10.2,138,6,132,
Gs,K140A,140,34x52,ICL2,0,1,0,NA,NA,0,G protein,0,1,NA,NA,NA,bystander,NA,1,0,94.3,17.5,35.0,4,0.22,0.82,-6.82,0.11,0.18,0.063,0.002,0.003,3,WT-like,WT-like,0,-8.775,11.289,-3.274,-6.337,15.385,2.136,7.21,-37.6,-151.4,4.9,105,84,21,
Gs,Y141A,141,34x53,ICL2,0,1,0,NA,NA,0,G protein,1,1,NA,NA,NA,disconnected driver,G protein binding,1,0,86.4,18.7,37.4,4,0.90,0.78,-6.14,0.48,0.83,0.060,0.001,0.002,3,reduced,WT-like,1,-10.701,14.285,-1.934,-9.331,17.666,2.78,5.96,-130.8,-46.8,11,52,24,28,
Gs,Q142A,142,34x54,ICL2,0,1,0,NA,NA,0,G protein,0,1,NA,NA,NA,bystander,NA,1,0,90,17.2,34.5,4,0.37,0.97,-6.67,0.19,0.33,0.075,0.002,0.004,3,WT-like,WT-like,0,-9.614,17.135,-4.205,-9.727,18.706,-0.847,3.71,5,-165.3,12.5,136,60,76,
Gs,S143A,143,34x55,ICL2,0,1,0,NA,NA,0,G protein,0,1,NA,NA,NA,bystander,NA,1,0,112.1,13.2,22.9,3,-0.38,1.05,-7.42,0.37,0.64,0.081,0.002,0.003,3,WT-like,WT-like,0,-8.94,14.807,-7.141,-13.062,17.377,-1.923,7.13,-8.7,162.1,10.1,20,57,-37,
Gs,L144A,144,34x56,ICL2,0,0,0,positive,NA,0,other,1,1,NA,NA,NA,passenger,NA,1,0,105.7,13.8,23.9,3,0.11,0.89,-6.93,0.21,0.36,0.069,0.001,0.002,3,WT-like,WT-like,0,-12.172,12.797,-7.345,-12.772,14.871,-4.765,3.36,-6,-36.4,3.8,94,107,-13,
Gs,L145A,145,34x57,ICL2,0,0,0,positive,NA,0,other,1,1,NA,NA,NA,passenger,NA,1,0,85.9,1.5,2.7,3,0.05,0.89,-6.99,0.39,0.67,0.069,0.005,0.008,3,WT-like,WT-like,0,-14.736,15.344,-6.16,-15.421,17.065,-6.496,1.88,15.3,-18.5,14.7,48,66,-18,
Gs,T146A,146,4x38,TM4,0,0,0,NA,NA,0,core,1,0,NA,NA,NA,disconnected driver,disconnected driver,1,0,58.8,8.6,14.9,3,1.05,0.80,-5.99,0.21,0.36,0.057,0.005,0.009,3,reduced,WT-like,1,-15.299,18.097,-8.742,-14.901,20.198,-8.57,2.15,-43.5,12.1,1.7,71,64,7,
Gs,K147A,147,4x39,TM4,0,0,0,NA,NA,0,core,0,1,NA,NA,NA,bystander,NA,1,0,49.7,4.5,7.7,3,0.38,1.02,-6.66,0.04,0.09,0.070,0.004,0.008,4,WT-like,WT-like,0,-17.584,21.069,-9.428,-17.176,23.242,-8.035,2.61,-11.3,-11.9,-3.9,83,71,12,
Gs,N148A,148,4x40,TM4,0,0,0,NA,NA,0,core,0,0,NA,NA,NA,bystander,NA,1,0,91.3,3.6,6.2,3,0.64,0.75,-6.40,0.20,0.40,0.052,0.005,0.009,4,WT-like,WT-like,0,-19.851,19.308,-11.923,-19.202,22.254,-11.155,3.11,14.1,3.2,4.5,113,118,-5,
Gs,K149A,149,4x41,TM4,0,0,0,positive,NA,0,core,0,1,NA,NA,NA,bystander,NA,1,0,95.9,10.3,17.9,3,0.15,0.84,-6.89,0.16,0.33,0.058,0.005,0.010,4,WT-like,WT-like,0,-19.981,16.417,-9.467,-19.68,18.593,-10.143,2.30,-3.9,-4.5,4,105,34,71,
Gs,A150G,150,4x42,TM4,0,0,0,NA,NA,0,core,1,0,5.13,26.29,233.75,connected driver,connected driver,1,0,77.2,4.4,7.6,3,0.29,0.74,-6.75,0.13,0.25,0.050,0.006,0.011,4,WT-like,reduced,1,-20.847,18.72,-6.554,-20.795,19.905,-6.701,1.20,-3.3,-15,1.3,0,8,-8,
Gs,R151A,151,4x43,TM4,0,0,1,NA,NA,0,core,0,1,9.38,55.7,648.91,bystander,NA,1,0,92.2,8.3,14.5,3,0.06,0.95,-6.98,0.17,0.35,0.065,0.004,0.008,4,WT-like,WT-like,0,-23.615,20.619,-8.333,-23.518,22.037,-8.406,1.42,6.8,-3.8,-1.3,129,111,18,
Gs,V152A,152,4x44,TM4,0,0,0,positive,NA,0,core,0,0,21.51,82.48,681.51,bystander,NA,1,0,109.1,10.7,18.6,3,-0.08,0.95,-7.12,0.15,0.29,0.064,0.007,0.014,4,WT-like,WT-like,0,-24.815,17.234,-9.565,-24.749,18.919,-10.238,1.82,11.5,2.9,0.4,81,91,-10,
Gs,I153A,153,4x45,TM4,0,0,0,positive,NA,0,core,1,1,10.17,34,336.6,passenger,NA,1,0,104.4,8.2,14.2,3,0.44,0.93,-6.61,0.20,0.41,0.063,0.002,0.004,4,WT-like,WT-like,0,-25.072,16.178,-5.915,-24.862,16.905,-6.973,1.30,-3.5,1.9,0.9,64,67,-3,
Gs,I154A,154,4x46,TM4,0,0,1,NA,NA,0,core,0,0,5.02,19.07,312.75,bystander,NA,1,0,84.7,4.6,8.0,3,0.44,0.98,-6.60,0.22,0.45,0.067,0.004,0.008,4,WT-like,WT-like,0,-27.072,19.316,-5.102,-26.807,19.769,-5.358,0.58,2.3,-3.5,3.9,29,32,-3,
Gs,L155A,155,4x47,TM4,0,0,1,NA,NA,0,core,0,0,13.53,70.78,678.35,bystander,NA,1,0,119.9,7.7,13.3,3,-0.29,0.97,-7.33,0.13,0.26,0.066,0.004,0.008,4,WT-like,WT-like,0,-29.479,18.872,-8,-29.197,20.068,-8.312,1.27,-5.4,7.8,-2.6,102,110,-8,
Gs,M156A,156,4x48,TM4,0,0,0,NA,NA,0,core,0,0,14.49,70.09,637.1,bystander,NA,1,0,94.7,14.1,24.5,3,0.02,1.01,-7.02,0.21,0.42,0.069,0.003,0.007,4,WT-like,WT-like,0,-29.761,15.201,-7.082,-29.689,16.27,-8.158,1.52,4.8,-18.2,4.9,103,115,-12,
Gs,V157A,157,4x49,TM4,0,0,0,NA,NA,0,core,0,1,3.07,19.59,323.67,bystander,NA,1,0,76.4,6.2,10.7,3,0.74,0.97,-6.30,0.21,0.42,0.066,0.004,0.009,4,WT-like,WT-like,0,-30.723,16.158,-3.532,-30.42,16.508,-4.409,0.99,9.6,-4.2,4.5,12,6,6,
Gs,W158A,158,4x50,TM4,0,0,1,NA,NA,1,core,0,0,1,1.51,138.44,modulator,x50,1,0,40.6,18.5,32.1,3,1.90,0.23,-5.14,0.59,0.84,0.017,0.002,0.003,2,reduced,reduced,1,-33.378,18.651,-4.63,-33.221,19.06,-5.067,0.62,-4.2,7.1,3.9,62,65,-3,
Gs,I159A,159,4x51,TM4,0,0,0,NA,NA,0,core,0,0,17.55,63.36,705.23,bystander,NA,1,0,84.8,9.2,16.0,3,0.44,0.85,-6.60,0.18,0.37,0.058,0.003,0.006,4,WT-like,WT-like,0,-34.705,16.308,-7.33,-34.592,16.95,-7.961,0.91,-5.8,0.1,-2.1,84,78,6,10.1038/s41594-021-00674-7
Gs,V160A,160,4x52,TM4,0,0,0,NA,NA,0,core,0,1,6.93,41.47,486.06,bystander,NA,1,0,93.2,1.4,2.4,3,0.73,0.76,-6.31,0.14,0.28,0.052,0.003,0.006,4,WT-like,WT-like,0,-35.172,13.356,-4.982,-34.591,13.724,-5.854,1.11,-3.5,12.8,3.1,66,47,19,10.1038/s41594-021-00674-7
Gs,S161A,161,4x53,TM4,0,0,0,NA,NA,0,core,0,1,5.09,18.62,269.65,modulator,not determined,1,0,116.1,8.5,14.7,3,0.11,0.71,-6.93,0.07,0.13,0.049,0.003,0.006,4,WT-like,reduced,1,-36.517,15.788,-2.378,-36.084,15.542,-2.835,0.68,-9,1.2,1.7,0,0,0,
Gs,G162A,162,4x54,TM4,0,0,0,NA,NA,0,core,0,0,8.78,46.74,513.5,bystander,NA,1,0,113.9,8.2,14.2,3,-0.01,0.82,-7.05,0.19,0.37,0.056,0.001,0.001,4,WT-like,WT-like,0,-39.109,17.112,-4.819,-38.774,16.993,-5.172,0.50,-7.5,2,2,16,13,3,
Gs,L163A,163,4x55,TM4,0,0,0,NA,NA,0,core,0,0,7.75,51.82,602.89,bystander,NA,1,0,98.4,7.9,13.7,3,0.09,0.87,-6.95,0.25,0.50,0.059,0.004,0.008,4,WT-like,WT-like,0,-40.074,13.723,-6.229,-39.397,13.577,-6.711,0.84,-4.4,13.7,-0.2,103,97,6,
Gs,T164A,164,4x56,TM4,0,0,0,NA,NA,0,core,1,0,4.8,26.64,387.95,passenger,NA,1,0,119.6,12.0,20.7,3,0.49,0.89,-6.55,0.19,0.39,0.061,0.001,0.003,4,WT-like,WT-like,0,-40.745,12.51,-2.684,-39.837,12.093,-3.197,1.12,-5.3,11.5,1.8,38,24,14,
Gs,S165A,165,4x57,TM4,0,0,0,NA,NA,0,core,0,0,1.56,20.92,312.2,bystander,NA,1,0,135.7,6.7,11.6,3,0.81,0.98,-6.23,0.19,0.37,0.067,0.003,0.006,4,WT-like,WT-like,0,-42.83,15.569,-1.779,-41.832,15.092,-1.732,1.11,-19.5,-13.5,1.1,0,0,0,
Gs,F166A,166,4x58,TM4,0,0,1,NA,NA,0,core,0,0,8.93,33.07,473.11,modulator,cholesterol binding,1,0,92.2,4.5,7.8,3,1.05,0.98,-5.99,0.18,0.36,0.067,0.005,0.009,4,reduced,WT-like,1,-44.403,17.604,-4.588,-43.942,16.691,-4.5,1.03,8.2,-7.2,-1.2,48,63,-15,
Gs,L167A,167,4x59,TM4,0,0,0,NA,NA,0,core,0,0,3.83,22.85,342.56,bystander,NA,1,0,98.1,8.3,14.4,3,0.68,1.00,-6.36,0.08,0.17,0.068,0.002,0.004,4,WT-like,WT-like,0,-45.13,14.72,-6.964,-44.884,13.505,-6.426,1.35,-7.1,9.7,-1.4,79,81,-2,
Gs,P168A,168,4x60,TM4,0,0,0,NA,NA,0,core,NA,NA,1,23.95,282.7,NA,NA,1,1,11.6,2.6,4.6,3,1.86,0.43,-5.18,0.11,0.21,0.029,0.003,0.005,4,NA,NA,NA,NA,NA,NA,NA,NA,NA,NA,NA,NA,NA,15,11,4,
Gs,I169A,169,4x61,TM4,0,0,0,NA,NA,0,core,0,1,2.01,25.98,389.09,modulator,ligand binding modifier,1,0,54.6,5.8,10.0,3,1.72,0.70,-5.32,0.22,0.45,0.048,0.002,0.005,4,reduced,reduced,1,-48.665,15.197,-2.659,-48.388,14.846,-2.25,0.61,0,-3.7,4.1,0,4,-4,
Gs,Q170A,170,4x62,TM4,0,0,0,NA,NA,0,core,0,0,12.84,34.58,525.52,bystander,NA,1,0,66.2,10.9,18.9,3,0.70,0.96,-6.34,0.08,0.14,0.068,0.008,0.014,3,WT-like,WT-like,0,-50.033,16.908,-5.78,-49.419,16.146,-5.729,0.98,6.9,11.2,5.1,68,67,1,
Gs,M171A,171,4x63,TM4,0,0,0,NA,NA,0,core,0,0,NA,NA,NA,bystander,NA,1,0,93.6,7.4,12.8,3,-0.14,1.17,-7.18,0.22,0.45,0.080,0.005,0.010,4,WT-like,WT-like,0,-51.028,13.487,-7.125,-50.383,12.566,-6.88,1.15,-12.3,8.7,3,111,115,-4,
Gs,H172A,172,4x64,TM4,0,0,0,NA,NA,0,core,0,1,NA,NA,NA,bystander,NA,1,0,82.6,13.3,26.7,4,0.51,0.97,-6.53,0.20,0.40,0.066,0.002,0.004,4,WT-like,WT-like,0,-52.99,12.587,-3.986,-52.432,12.129,-3.639,0.80,-6.1,6.4,4.5,71,126,-55,
Gs,W173A,173,ECL2,ECL2,0,0,0,NA,NA,0,other,0,0,NA,NA,NA,modulator,lipid interaction,1,0,67.9,12.0,24.0,4,1.21,1.01,-5.83,0.10,0.20,0.069,0.003,0.006,4,reduced,WT-like,1,-50.662,9.633,-3.391,-50.54,8.939,-2.555,1.09,-4.8,-1.7,2.1,153,165,-12,
Gs,Y174A,174,ECL2,ECL2,0,0,0,NA,NA,0,other,0,1,NA,NA,NA,bystander,NA,1,0,93.1,14.4,28.9,4,0.19,0.87,-6.85,0.13,0.26,0.059,0.003,0.006,4,WT-like,WT-like,0,-50.488,10.184,0.377,-50.237,10.236,1.005,0.68,-21.8,26.1,-14.4,16,29,-13,
Gs,R175A,175,ECL2,ECL2,0,0,0,NA,NA,0,other,0,0,NA,NA,NA,bystander,NA,1,0,71.5,10.9,21.9,4,0.21,0.85,-6.83,0.24,0.48,0.058,0.004,0.008,4,WT-like,WT-like,0,-54.279,10.369,0.71,-53.973,10.448,1.729,1.07,27.6,23.3,-172.1,76,73,3,
Gs,A176G,176,ECL2,ECL2,0,0,0,NA,NA,0,other,NA,NA,NA,NA,NA,bystander,NA,1,0,101.4,15.1,30.2,4,0.18,0.99,-6.86,0.20,0.40,0.068,0.002,0.003,4,WT-like,WT-like,0,NA,NA,NA,NA,NA,NA,NA,NA,NA,NA,11,NA,NA,
Gs,T177A,177,ECL2,ECL2,0,0,0,NA,NA,0,other,NA,NA,NA,NA,NA,bystander,NA,1,0,103.6,15.0,30.1,4,0.24,1.10,-6.80,0.16,0.32,0.076,0.004,0.007,4,WT-like,WT-like,0,NA,NA,NA,NA,NA,NA,NA,NA,NA,NA,135,NA,NA,
Gs,H178A,178,ECL2,ECL2,0,0,0,NA,NA,0,other,NA,NA,NA,NA,NA,bystander,NA,1,0,86.4,16.4,32.7,4,0.38,1.10,-6.66,0.19,0.38,0.075,0.004,0.009,4,WT-like,WT-like,0,NA,NA,NA,NA,NA,NA,NA,NA,NA,NA,86,NA,NA,
Gs,Q179A,179,ECL2,ECL2,0,0,0,NA,NA,0,other,0,0,NA,NA,NA,bystander,NA,1,0,98.6,18.2,36.3,4,-0.10,1.09,-7.14,0.21,0.42,0.074,0.006,0.012,4,WT-like,WT-like,0,-63.668,9.722,7.109,-64.1,9.872,6.677,0.63,-2.9,-2.3,0.9,129,167,-38,
Gs,E180A,180,ECL2,ECL2,0,0,0,NA,NA,0,other,0,0,NA,NA,NA,bystander,NA,1,0,72.6,18.7,41.8,5,0.38,1.05,-6.66,0.13,0.26,0.072,0.004,0.008,4,WT-like,WT-like,0,-62.038,12.694,8.81,-62.52,12.402,9.13,0.65,1.3,6.6,10.2,134,170,-36,
Gs,A181G,181,ECL2,ECL2,0,0,0,NA,NA,0,other,0,0,NA,NA,NA,bystander,NA,1,0,76.6,8.9,15.4,3,0.55,0.82,-6.49,0.26,0.52,0.056,0.006,0.012,4,WT-like,WT-like,0,-59.517,12.653,5.972,-59.624,12.795,6.659,0.71,1.1,-10.9,-0.2,0,34,-34,
Gs,I182A,182,ECL2,ECL2,0,0,0,NA,NA,0,other,0,0,NA,NA,NA,bystander,NA,1,0,85.6,20.3,35.2,3,0.15,0.85,-6.89,0.10,0.17,0.060,0.006,0.010,3,WT-like,WT-like,0,-61.728,13.01,2.891,-61.932,12.878,3.59,0.74,-1,5.8,5.8,72,109,-37,
Gs,N183A,183,ECL2,ECL2,0,0,0,NA,NA,0,other,0,0,NA,NA,NA,bystander,NA,1,0,97.3,10.5,18.3,3,-0.27,1.15,-7.31,0.25,0.49,0.078,0.003,0.005,4,WT-like,WT-like,0,-63.663,15.605,4.892,-63.863,15.724,5.273,0.45,-0.8,-10.3,2.6,92,89,3,
Gs,C184A,184,ECL2,ECL2,0,0,0,NA,NA,0,other,0,0,NA,NA,NA,modulator,ligand entry path,1,0,27.9,6.7,11.6,3,2.03,0.82,-5.01,0.27,0.54,0.056,0.003,0.005,4,reduced,WT-like,1,-60.777,17.931,5.773,-60.602,17.625,5.932,0.39,-4.6,-1.7,-4.4,7,14,-7,
Gs,Y185A,185,ECL2,ECL2,0,0,0,NA,NA,0,other,0,0,NA,NA,NA,modulator,ligand entry path,1,0,58.9,9.5,16.5,3,0.89,0.80,-6.15,0.22,0.44,0.055,0.004,0.008,4,reduced,WT-like,1,-59.102,17.342,2.396,-59.423,17.155,2.319,0.38,10.2,-15.6,5.1,31,58,-27,
Gs,A186G,186,ECL2,ECL2,0,0,0,NA,NA,0,other,0,0,NA,NA,NA,bystander,NA,1,0,109.4,21.5,42.9,4,0.02,1.15,-7.02,0.13,0.25,0.078,0.005,0.011,4,WT-like,WT-like,0,-62.122,18.227,0.273,-62.65,18.512,0.85,0.83,7,9.1,-1.8,82,74,8,
Gs,N187A,187,ECL2,ECL2,0,0,0,NA,NA,0,other,0,0,NA,NA,NA,bystander,NA,1,0,91.4,24.1,48.3,4,0.21,1.03,-6.83,0.09,0.17,0.070,0.004,0.009,4,WT-like,WT-like,0,-62.753,21.094,2.698,-62.773,21.25,3.54,0.86,-1.9,10.2,4.7,85,109,-24,
Gs,E188A,188,ECL2,ECL2,0,0,0,NA,NA,0,other,0,1,NA,NA,NA,bystander,NA,1,0,99.3,23.2,46.3,4,0.16,0.96,-6.88,0.12,0.24,0.065,0.005,0.009,4,WT-like,WT-like,0,-61.081,24.231,1.375,-61.011,24.413,2.258,0.90,4,-18,11,124,113,11,
Gs,T189A,189,ECL2,ECL2,0,0,0,NA,NA,0,other,0,1,NA,NA,NA,bystander,NA,1,0,104.2,16.7,33.3,4,-0.12,1.07,-7.16,0.26,0.52,0.072,0.008,0.015,4,WT-like,WT-like,0,-60.075,25.738,4.708,-60.351,25.681,5.808,1.14,-4.1,-3.1,6.4,44,74,-30,
Gs,C190A,190,ECL2,ECL2,0,0,0,NA,NA,0,other,NA,NA,NA,NA,NA,NA,NA,1,1,23.5,8.0,13.9,3,2.24,0.40,-4.80,0.37,0.63,0.029,0.006,0.010,3,NA,NA,NA,NA,NA,NA,NA,NA,NA,NA,NA,NA,NA,27,53,-26,
Gs,C191A,191,45x50,ECL2,0,0,0,NA,NA,0,other,NA,NA,NA,NA,NA,NA,NA,2,1,14,9.1,15.8,3,-0.34,0.00,-7.38,0.38,0.76,0.000,0.000,0.000,4,NA,NA,NA,NA,NA,NA,NA,NA,NA,NA,NA,NA,NA,8,15,-7,
Gs,D192A,192,45x51,ECL2,0,0,0,NA,NA,0,other,0,1,NA,NA,NA,bystander,NA,1,0,71.7,24.4,54.5,5,0.76,1.14,-6.28,0.28,0.56,0.078,0.004,0.008,4,WT-like,WT-like,0,-54.635,19.155,8.422,-54.332,18.665,8.535,0.59,-36.4,0.2,0.8,49,59,-10,
Gs,F193A,193,45x52,ECL2,1,0,0,NA,NA,0,ligand,0,1,NA,NA,NA,modulator,ligand binding,1,0,83,9.0,15.7,3,2.02,1.00,-5.03,0.27,0.53,0.067,0.009,0.019,4,reduced,WT-like,1,-51.899,16.621,7.724,-51.767,16.256,7.153,0.69,8.2,50.7,0.1,85,65,20,
Gs,F194A,194,ECL2,ECL2,0,0,0,NA,NA,0,other,0,0,NA,NA,NA,bystander,NA,1,0,95.4,12.2,21.1,3,0.82,1.08,-6.22,0.12,0.22,0.076,0.008,0.014,3,WT-like,WT-like,0,-53.161,13.092,7.156,-53.751,13.006,7.536,0.71,-57.3,6.8,5.3,48,35,13,
Gs,T195A,195,ECL2,ECL2,0,0,0,NA,NA,0,other,0,1,NA,NA,NA,bystander,NA,1,0,94.7,16.9,33.8,4,-0.59,1.02,-7.63,0.10,0.14,0.076,0.001,0.001,2,WT-like,WT-like,0,-50.974,10.366,5.683,-51.81,10.226,5.84,0.86,-12.5,-25.9,2.8,40,52,-12,
Gs,N196A,196,5x36,TM5,0,0,0,NA,NA,0,core,0,0,NA,NA,NA,modulator,ligand entry path,1,0,64.8,20.6,41.1,4,0.94,0.95,-6.10,0.31,0.53,0.070,0.005,0.008,3,reduced,WT-like,1,-51.483,6.708,4.855,-52.196,6.516,5.162,0.80,11.6,-8,-4.5,49,51,-2,
Gs,Q197A,197,5x37,TM5,0,0,0,NA,NA,0,core,0,0,NA,NA,NA,bystander,NA,1,0,92.3,10.4,20.9,4,0.16,1.09,-6.88,0.18,0.31,0.080,0.003,0.005,3,WT-like,WT-like,0,-49.072,4.304,6.547,-49.83,4.269,7.155,0.97,15.2,-3.3,4.5,128,119,9,
Gs,A198G,198,5x38,TM5,0,0,0,NA,NA,0,core,0,0,7.92,52.04,507.34,bystander,NA,1,0,145.6,12.9,25.7,4,-0.06,1.06,-7.10,0.11,0.19,0.079,0.005,0.009,3,WT-like,WT-like,0,-47.509,3.402,3.196,-47.907,2.929,4.114,1.11,-0.8,4.7,4.6,72,72,0,
Gs,Y199A,199,5x39,TM5,0,0,0,NA,NA,0,core,1,1,1.77,28.24,372.61,disconnected driver,disconnected driver,1,0,34.7,12.0,20.7,3,2.43,0.62,-4.61,0.17,0.29,0.045,0.000,0.001,3,reduced,reduced,1,-46.527,7.027,2.561,-47.012,6.518,3.203,0.95,-10.8,16.3,2.8,23,35,-12,
Gs,A200G,200,5x40,TM5,0,0,0,NA,NA,0,core,1,1,6.74,29.97,315.79,passenger,NA,1,0,139.6,8.5,14.7,3,0.06,0.97,-6.98,0.13,0.23,0.071,0.004,0.006,3,WT-like,WT-like,0,-45.279,7.638,6.1,-46.254,7.4,6.829,1.24,-22,6.7,2.2,14,5,9,
Gs,I201A,201,5x41,TM5,0,0,0,NA,NA,0,core,1,1,9.8,42.49,426.68,passenger,NA,1,0,119.6,7.8,13.4,3,0.63,0.84,-6.41,0.10,0.18,0.063,0.006,0.011,3,WT-like,WT-like,0,-42.942,4.633,6.204,-43.734,4.519,6.994,1.12,11.2,-0.3,-2.4,71,67,4,
Gs,A202G,202,5x42,TM5,0,0,0,NA,NA,0,core,0,0,9.79,32.71,498.88,bystander,NA,1,0,124.9,18.9,37.8,4,0.09,1.01,-6.95,0.12,0.21,0.075,0.005,0.008,3,WT-like,WT-like,0,-41.036,5.406,2.998,-42.29,4.618,3.439,1.55,-11.7,9.8,-2.5,53,54,-1,
Gs,S203A,203,5x43,TM5,1,0,0,NA,NA,0,ligand,0,0,1,19.44,413.07,modulator,ligand binding,1,0,113.7,3.4,5.9,3,1.89,1.13,-5.15,0.25,0.43,0.082,0.005,0.009,3,reduced,WT-like,1,-41.477,9.165,3.364,-41.952,8.404,3.148,0.92,8,-9.1,-1.2,20,16,4,
Gs,S204A,204,5x44,TM5,0,0,0,NA,NA,0,core,1,0,7.74,22.69,322.06,connected driver,connected driver,1,0,87.4,16.1,32.2,4,1.83,1.11,-5.21,0.26,0.45,0.082,0.005,0.009,3,reduced,WT-like,1,-39.835,9.152,6.796,-40.365,8.832,6.588,0.65,3.5,-13.9,4.4,3,1,2,
Gs,I205A,205,5x45,TM5,0,0,0,NA,NA,0,core,0,0,12.42,53.58,512.83,bystander,NA,1,0,115.5,14.7,29.5,4,-0.18,1.05,-7.22,0.28,0.49,0.077,0.005,0.009,3,WT-like,WT-like,0,-37.214,6.53,5.935,-37.872,5.963,5.982,0.87,12.1,13,-1.2,73,75,-2,
Gs,V206A,206,5x46,TM5,0,0,0,negative,NA,0,core,1,0,7.02,38.31,494.77,passenger,NA,1,0,94.6,9.3,16.2,3,0.43,1.06,-6.61,0.19,0.33,0.074,0.009,0.016,3,WT-like,WT-like,0,-36.133,8.549,2.888,-36.859,7.143,2.483,1.63,-10.6,-0.6,4.1,78,50,28,
Gs,S207A,207,5x461,TM5,1,0,0,NA,NA,0,ligand,1,0,1.92,23.25,343.37,connected driver,ligand binding,1,0,132.7,8.7,15.1,3,1.69,0.94,-5.35,0.27,0.46,0.069,0.008,0.015,3,reduced,WT-like,1,-36.4,12.045,4.363,-36.873,10.907,3.182,1.71,0.5,8.2,-2.5,7,1,6,
Gs,F208A,208,5x47,TM5,0,0,0,NA,NA,0,core,1,0,1,2.55,238.43,connected driver,connected driver,1,0,70.4,8.5,17.0,4,2.03,0.61,-5.02,0.21,0.37,0.045,0.004,0.007,3,reduced,reduced,1,-34.795,11.323,7.744,-35.395,10.891,6.718,1.26,-12.9,-0.3,1.8,1,0,1,
Gs,Y209A,209,5x48,TM5,0,0,0,NA,NA,0,core,0,0,1.64,17.61,450.21,modulator,ligand binding modifier,1,0,117.6,28.3,56.6,4,1.39,0.93,-5.65,0.13,0.23,0.068,0.003,0.005,3,reduced,WT-like,1,-33.806,7.775,8.722,-34.183,7.595,8.227,0.65,10.3,-17.3,1.4,40,54,-14,
Gs,V210A,210,5x49,TM5,0,0,0,negative,NA,0,core,0,0,10.66,51.84,571.01,bystander,NA,1,0,125.7,17.9,35.8,4,-0.31,1.09,-7.35,0.11,0.20,0.080,0.005,0.008,3,WT-like,WT-like,0,-31.441,6.953,5.837,-32.149,6.414,5.219,1.08,8.2,4.7,-2.6,71,64,7,
Gs,P211A,211,5x50,TM5,0,0,0,negative,PIF,1,core,NA,NA,1,2.69,128.22,NA,NA,1,1,12.7,2.1,3.6,3,2.15,0.38,-4.89,0.40,0.70,0.028,0.001,0.003,3,NA,NA,NA,NA,NA,NA,NA,NA,NA,NA,NA,NA,NA,10,1,9,
Gs,L212A,212,5x51,TM5,0,0,0,NA,NA,0,core,1,1,3.61,29.19,301.1,passenger,NA,1,0,125.1,3.4,5.8,3,0.40,0.83,-6.64,0.33,0.57,0.062,0.004,0.007,3,WT-like,WT-like,0,-29.454,9.615,9.868,-29.836,9.989,8.665,1.32,5.4,-0.8,-2,14,30,-16,10.1038/s41467-022-29609-6
Gs,V213A,213,5x52,TM5,0,0,0,NA,NA,0,core,0,0,14.27,70.92,650.85,bystander,NA,1,0,149.8,22.2,38.5,3,0.17,0.87,-6.87,0.39,0.68,0.064,0.006,0.010,3,WT-like,WT-like,0,-27.778,6.222,9.474,-28.396,6.508,9.29,0.71,2.9,-13.1,2.6,97,96,1,
Gs,I214A,214,5x53,TM5,0,0,0,negative,NA,0,core,1,0,5.95,35.32,426.58,disconnected driver,disconnected driver,1,0,107.6,25.4,50.7,4,1.09,0.99,-5.95,0.12,0.21,0.072,0.001,0.002,3,reduced,WT-like,1,-25.329,7.459,6.841,-25.892,6.966,6.455,0.84,13.1,-1,0.6,74,67,7,
Gs,M215A,215,5x54,TM5,0,0,0,NA,NA,0,core,1,1,1.91,11.48,187.47,connected driver,connected driver,1,0,151.3,14.0,24.3,3,1.72,1.06,-5.32,0.04,0.08,0.078,0.005,0.008,3,reduced,WT-like,1,-24.429,10.404,9.069,-24.885,10.467,7.696,1.45,-4.9,7.7,0.5,4,0,4,10.1038/s41467-022-29609-6 
Gs,V216A,216,5x55,TM5,0,0,0,NA,NA,0,core,1,0,9.63,42.3,462.92,passenger,NA,1,0,132,19.4,33.6,3,-0.03,1.00,-7.07,0.08,0.13,0.074,0.006,0.010,3,WT-like,WT-like,0,-23.975,8.199,12.135,-24.306,9.28,11.253,1.43,3.2,-7,1.2,77,68,9,10.1038/s41467-022-29609-6
Gs,F217A,217,5x56,TM5,0,0,0,NA,NA,0,core,0,0,6.07,50.74,529.65,bystander,NA,1,0,121.9,4.0,7.0,3,0.81,1.06,-6.23,0.07,0.13,0.077,0.002,0.003,3,WT-like,WT-like,0,-21.599,5.78,10.418,-22.4,6.155,10.206,0.91,1.8,16.9,4.3,115,130,-15,
Gs,V218A,218,5x57,TM5,0,0,0,NA,NA,0,core,0,1,1.91,21.37,133.17,bystander,NA,1,0,105.2,9.5,16.4,3,0.11,0.77,-6.93,0.22,0.39,0.054,0.005,0.008,3,WT-like,WT-like,0,-19.815,8.693,8.756,-20.227,7.953,7.659,1.39,-8,-20,-3.3,22,7,15,
Gs,Y219A,219,5x58,TM5,0,0,0,NA,NA,0,core,1,1,1,3.71,43.05,disconnected driver,disconnected driver,1,0,106.2,7.4,12.7,3,1.98,0.93,-5.06,0.12,0.21,0.075,0.002,0.004,3,reduced,WT-like,1,-19.145,11.043,11.668,-19.514,11.008,9.821,1.88,16.9,-8.7,0.4,9,11,-2,"10.1038/s41467-022-29609-6, 10.1038/s41594-021-00674-7"
Gs,S220A,220,5x59,TM5,0,0,0,NA,NA,0,core,0,0,14.6,67.95,604.17,bystander,NA,1,0,90.9,6.6,11.4,3,0.18,0.96,-6.86,0.27,0.47,0.078,0.009,0.015,3,WT-like,WT-like,0,-18.378,7.865,13.607,-18.568,8.837,12.819,1.27,9.2,-19.8,3.3,49,60,-11,
Gs,R221A,221,5x60,TM5,0,0,0,NA,NA,0,core,1,0,3.18,37.39,431.06,disconnected driver,disconnected driver,1,0,89.9,7.5,12.9,3,1.06,1.00,-5.98,0.08,0.14,0.081,0.005,0.008,3,reduced,WT-like,1,-15.547,6.843,11.279,-15.906,7.386,10.428,1.07,9.2,-16.6,1.7,107,95,12,
Gs,V222A,222,5x61,TM5,0,1,0,NA,NA,0,G protein,0,1,1.64,7.85,117.54,modulator,G protein binding,1,0,81.6,18.3,36.7,4,1.10,1.13,-5.94,0.14,0.25,0.091,0.005,0.009,3,reduced,WT-like,1,-14.432,10.487,11.208,-14.795,10.948,9.606,1.71,13.5,-5.6,0.3,0,2,-2,10.1038/s41467-022-29609-6
Gs,F223A,223,5x62,TM5,0,0,0,NA,NA,0,core,1,1,3.88,22.79,292.77,passenger,NA,1,0,68.8,15.6,27.0,3,0.79,0.98,-6.25,0.22,0.38,0.080,0.014,0.024,3,WT-like,WT-like,0,-14.231,10.609,14.995,-14.074,11.592,13.316,1.95,5.1,7.1,1.8,70,75,-5,10.1038/s41467-022-29609-6
Gs,Q224A,224,5x63,TM5,0,0,0,NA,NA,0,core,0,0,12.2,60.06,595.1,bystander,NA,1,0,76.3,13.9,27.9,4,0.01,1.00,-7.03,0.22,0.38,0.081,0.003,0.005,3,WT-like,WT-like,0,-12.233,7.393,14.774,-12.185,8.276,13.625,1.45,-2.4,-4.3,0.6,108,112,-4,
Gs,E225A,225,5x64,TM5,0,1,0,NA,NA,0,G protein,0,1,6.25,32.52,345.34,bystander,NA,1,0,78.6,14.8,29.5,4,0.44,0.90,-6.60,0.19,0.33,0.073,0.004,0.007,3,WT-like,WT-like,0,-9.771,9.205,12.512,-10.078,9.328,10.625,1.92,7.9,1.8,1.6,41,11,30,
Gs,A226G,226,5x65,TM5,0,1,0,NA,NA,0,G protein,0,1,1,12.89,160.68,modulator,G protein binding,1,0,51.1,9.7,16.8,3,1.06,0.73,-5.98,0.21,0.37,0.060,0.005,0.008,3,reduced,reduced,1,-9.536,12.157,14.909,-9.544,12.834,11.953,3.03,-2.4,0.6,0.2,6,0,6,
Gs,K227A,227,5x66,TM5,0,0,0,NA,NA,0,core,0,0,NA,NA,NA,bystander,NA,1,0,73.8,16.8,29.2,3,0.04,0.98,-7.00,0.07,0.13,0.080,0.006,0.011,3,WT-like,WT-like,0,-8.788,9.833,17.825,-8.474,11.35,15.351,2.92,1.2,-6.6,-2.6,128,121,7,
Gs,R228A,228,5x67,TM5,0,1,0,NA,NA,0,G protein,0,0,NA,NA,NA,bystander,NA,1,0,82.3,11.7,20.3,3,0.25,0.90,-6.79,0.26,0.45,0.074,0.006,0.011,3,WT-like,WT-like,0,-6.152,8.076,15.722,-6.171,8.893,13.564,2.31,14.5,-39,4.9,158,93,65,
Gs,Q229A,229,5x68,TM5,0,1,0,NA,NA,0,G protein,0,1,NA,NA,NA,bystander,NA,1,0,83.3,10.6,18.4,3,0.08,0.96,-6.96,0.32,0.55,0.078,0.004,0.006,3,WT-like,WT-like,0,-4.381,11.309,14.768,-4.237,11.767,11.907,2.90,22.1,-25.2,-4.6,53,0,53,
Gs,L230A,230,5x69,TM5,0,1,0,NA,NA,0,G protein,1,1,NA,NA,NA,passenger,NA,1,0,90.8,11.1,19.2,3,-0.26,1.05,-7.30,0.27,0.46,0.073,0.007,0.012,3,WT-like,WT-like,0,-4.446,12.479,18.384,-3.046,12.989,15.297,3.43,4.3,110.8,153.3,121,36,85,
Gs,Q231A,231,5x70,TM5,0,0,0,NA,NA,0,core,NA,NA,NA,NA,NA,bystander,NA,1,0,80.1,15.5,26.8,3,0.35,0.97,-6.69,0.16,0.28,0.078,0.002,0.003,3,WT-like,WT-like,0,NA,NA,NA,NA,NA,NA,NA,NA,NA,NA,NA,120,NA,
Gs,K232A,232,5x71,TM5,0,1,0,NA,NA,0,G protein,NA,NA,NA,NA,NA,bystander,NA,1,0,85.4,15.8,27.3,3,0.51,0.79,-6.53,0.16,0.28,0.064,0.004,0.007,3,WT-like,WT-like,0,NA,NA,NA,NA,NA,NA,NA,NA,NA,NA,NA,63,NA,
Gs,I233A,233,5x72,TM5,0,1,0,NA,NA,0,G protein,NA,NA,NA,NA,NA,modulator,G protein binding,1,0,92.9,10.8,18.8,3,0.87,1.03,-6.17,0.15,0.27,0.083,0.002,0.004,3,reduced,WT-like,1,NA,NA,NA,NA,NA,NA,NA,NA,NA,NA,NA,12,NA,
Gs,D234A,234,5x73,TM5,0,0,0,NA,NA,0,core,NA,NA,NA,NA,NA,bystander,NA,1,0,89.1,7.9,13.7,3,0.27,0.86,-6.77,0.40,0.69,0.070,0.006,0.011,3,WT-like,WT-like,0,NA,NA,NA,NA,NA,NA,NA,NA,NA,NA,NA,107,NA,
Gs,K235A,235,5x74,TM5,0,1,0,NA,NA,0,G protein,NA,NA,NA,NA,NA,bystander,NA,1,0,74.7,13.5,23.4,3,0.14,0.98,-6.90,0.14,0.25,0.079,0.005,0.008,3,WT-like,WT-like,0,NA,NA,NA,NA,NA,NA,NA,NA,NA,NA,NA,141,NA,
Gs,S236A,236,5x75,TM5,0,1,0,NA,NA,0,G protein,NA,NA,NA,NA,NA,bystander,NA,1,0,75.1,18.6,32.2,3,0.00,0.76,-7.04,0.23,0.39,0.062,0.007,0.012,3,WT-like,WT-like,0,NA,NA,NA,NA,NA,NA,NA,NA,NA,NA,NA,43,NA,
Gs,E237A,237,5x76,TM5,0,0,0,NA,NA,0,core,NA,NA,NA,NA,NA,bystander,NA,1,0,72.5,18.4,31.9,3,0.32,0.88,-6.72,0.09,0.16,0.072,0.001,0.003,3,WT-like,WT-like,0,NA,NA,NA,NA,NA,NA,NA,NA,NA,NA,NA,74,NA,
Gs,G238A,238,ICL3,ICL3,0,0,0,NA,NA,0,other,NA,NA,NA,NA,NA,bystander,NA,1,0,74.3,18.1,31.4,3,0.17,0.94,-6.87,0.16,0.28,0.076,0.006,0.010,3,WT-like,WT-like,0,NA,NA,NA,NA,NA,NA,NA,NA,NA,NA,NA,77,NA,
Gs,R239A,239,ICL3,ICL3,0,1,0,NA,NA,0,G protein,NA,NA,NA,NA,NA,bystander,NA,1,0,75.8,15.2,26.2,3,0.43,0.99,-6.61,0.07,0.12,0.080,0.006,0.011,3,WT-like,WT-like,0,NA,NA,NA,NA,NA,NA,NA,NA,NA,NA,NA,132,NA,
Gs,F240A,240,ICL3,ICL3,0,0,0,NA,NA,0,other,NA,NA,NA,NA,NA,bystander,NA,1,0,87.8,11.5,20.0,3,0.09,0.93,-6.95,0.04,0.08,0.076,0.005,0.008,3,WT-like,WT-like,0,NA,NA,NA,NA,NA,NA,NA,NA,NA,NA,NA,NA,NA,
Gs,H241A,241,ICL3,ICL3,0,0,0,NA,NA,0,other,NA,NA,NA,NA,NA,bystander,NA,1,0,81.8,7.6,13.1,3,0.20,0.96,-6.84,0.49,0.85,0.077,0.003,0.005,3,WT-like,WT-like,0,NA,NA,NA,NA,NA,NA,NA,NA,NA,NA,NA,NA,NA,
Gs,V242A,242,ICL3,ICL3,0,0,0,NA,NA,0,other,NA,NA,NA,NA,NA,bystander,NA,1,0,57.6,5.4,9.3,3,0.69,1.18,-6.35,0.13,0.23,0.083,0.012,0.020,3,WT-like,WT-like,0,NA,NA,NA,NA,NA,NA,NA,NA,NA,NA,NA,NA,NA,
Gs,Q243A,243,ICL3,ICL3,0,0,0,NA,NA,0,other,NA,NA,NA,NA,NA,bystander,NA,1,0,88.7,9.3,16.2,3,0.34,0.95,-6.70,0.18,0.31,0.076,0.004,0.007,3,WT-like,WT-like,0,NA,NA,NA,NA,NA,NA,NA,NA,NA,NA,NA,NA,NA,
Gs,N244A,244,ICL3,ICL3,0,0,0,NA,NA,0,other,NA,NA,NA,NA,NA,bystander,NA,1,0,82.3,11.4,22.8,4,0.44,0.97,-6.60,0.08,0.13,0.077,0.005,0.009,3,WT-like,WT-like,0,NA,NA,NA,NA,NA,NA,NA,NA,NA,NA,NA,NA,NA,
Gs,L245A,245,ICL3,ICL3,0,0,0,NA,NA,0,other,NA,NA,NA,NA,NA,bystander,NA,1,0,79.8,10.6,21.2,4,0.13,0.94,-6.91,0.09,0.15,0.075,0.001,0.002,3,WT-like,WT-like,0,NA,NA,NA,NA,NA,NA,NA,NA,NA,NA,NA,NA,NA,
Gs,S246A,246,ICL3,ICL3,0,0,0,NA,NA,0,other,NA,NA,NA,NA,NA,bystander,NA,1,0,102.8,7.3,12.6,3,0.66,0.92,-6.38,0.23,0.39,0.073,0.003,0.005,3,WT-like,WT-like,0,NA,NA,NA,NA,NA,NA,NA,NA,NA,NA,NA,NA,NA,
Gs,Q247A,247,ICL3,ICL3,0,0,0,NA,NA,0,other,NA,NA,NA,NA,NA,bystander,NA,1,0,93.4,6.7,11.5,3,0.24,0.99,-6.80,0.42,0.73,0.079,0.002,0.004,3,WT-like,WT-like,0,NA,NA,NA,NA,NA,NA,NA,NA,NA,NA,NA,NA,NA,
Gs,V248A,248,ICL3,ICL3,0,0,0,NA,NA,0,other,NA,NA,NA,NA,NA,bystander,NA,1,0,99.5,3.8,6.5,3,0.08,0.95,-6.96,0.26,0.45,0.075,0.007,0.012,3,WT-like,WT-like,0,NA,NA,NA,NA,NA,NA,NA,NA,NA,NA,NA,NA,NA,
Gs,E249A,249,ICL3,ICL3,0,0,0,NA,NA,0,other,NA,NA,NA,NA,NA,bystander,NA,1,0,93.7,9.5,16.5,3,0.19,0.97,-6.85,0.86,1.22,0.079,0.007,0.010,2,WT-like,WT-like,0,NA,NA,NA,NA,NA,NA,NA,NA,NA,NA,NA,NA,NA,
Gs,Q250A,250,ICL3,ICL3,0,0,0,NA,NA,0,other,NA,NA,NA,NA,NA,bystander,NA,1,0,99.4,6.9,12.0,3,0.26,1.01,-6.78,0.71,1.01,0.081,0.013,0.018,2,WT-like,WT-like,0,NA,NA,NA,NA,NA,NA,NA,NA,NA,NA,NA,NA,NA,
Gs,D251A,251,ICL3,ICL3,0,0,0,NA,NA,0,other,NA,NA,NA,NA,NA,bystander,NA,1,0,101.9,5.2,9.0,3,0.12,0.87,-6.92,0.35,0.61,0.070,0.002,0.003,3,WT-like,WT-like,0,NA,NA,NA,NA,NA,NA,NA,NA,NA,NA,NA,NA,NA,
Gs,G252A,252,ICL3,ICL3,0,0,0,NA,NA,0,other,NA,NA,NA,NA,NA,bystander,NA,1,0,92.1,12.1,21.0,3,0.07,1.02,-6.97,0.26,0.45,0.081,0.003,0.006,3,WT-like,WT-like,0,NA,NA,NA,NA,NA,NA,NA,NA,NA,NA,NA,NA,NA,
Gs,R253A,253,ICL3,ICL3,0,0,0,NA,NA,0,other,NA,NA,NA,NA,NA,bystander,NA,1,0,111.3,2.0,3.4,3,0.54,0.98,-6.50,0.29,0.51,0.078,0.002,0.003,3,WT-like,WT-like,0,NA,NA,NA,NA,NA,NA,NA,NA,NA,NA,NA,NA,NA,
Gs,T254A,254,ICL3,ICL3,0,0,0,NA,NA,0,other,NA,NA,NA,NA,NA,bystander,NA,1,0,73.8,11.8,20.4,3,-0.11,1.05,-7.15,0.15,0.26,0.073,0.008,0.015,3,WT-like,WT-like,0,NA,NA,NA,NA,NA,NA,NA,NA,NA,NA,NA,NA,NA,
Gs,G255A,255,ICL3,ICL3,0,0,0,NA,NA,0,other,NA,NA,NA,NA,NA,bystander,NA,1,0,107.8,9.2,16.0,3,0.07,0.88,-6.97,0.04,0.07,0.070,0.003,0.005,3,WT-like,WT-like,0,NA,NA,NA,NA,NA,NA,NA,NA,NA,NA,NA,NA,NA,
Gs,H256A,256,ICL3,ICL3,0,0,0,NA,NA,0,other,NA,NA,NA,NA,NA,bystander,NA,1,0,92,9.2,15.9,3,0.34,0.87,-6.70,0.08,0.14,0.069,0.004,0.007,3,WT-like,WT-like,0,NA,NA,NA,NA,NA,NA,NA,NA,NA,NA,NA,NA,NA,
Gs,G257A,257,ICL3,ICL3,0,0,0,NA,NA,0,other,NA,NA,NA,NA,NA,bystander,NA,1,0,85.5,10.7,18.6,3,0.05,0.86,-6.99,0.19,0.33,0.068,0.003,0.006,3,WT-like,WT-like,0,NA,NA,NA,NA,NA,NA,NA,NA,NA,NA,NA,NA,NA,
Gs,L258A,258,ICL3,ICL3,0,0,0,NA,NA,0,other,NA,NA,NA,NA,NA,bystander,NA,1,0,93.2,3.9,6.7,3,-0.23,0.90,-7.27,0.22,0.39,0.072,0.003,0.006,3,WT-like,WT-like,0,NA,NA,NA,NA,NA,NA,NA,NA,NA,NA,NA,NA,NA,
Gs,R259A,259,ICL3,ICL3,0,0,0,NA,NA,0,other,NA,NA,NA,NA,NA,bystander,NA,1,0,99.4,7.6,13.1,3,0.04,0.86,-7.00,0.06,0.11,0.068,0.003,0.005,3,WT-like,WT-like,0,NA,NA,NA,NA,NA,NA,NA,NA,NA,NA,NA,NA,NA,
Gs,R260A,260,ICL3,ICL3,0,0,0,NA,NA,0,other,NA,NA,NA,NA,NA,bystander,NA,1,0,115.7,16.1,27.9,3,-0.11,0.84,-7.15,0.13,0.23,0.067,0.003,0.005,3,WT-like,WT-like,0,NA,NA,NA,NA,NA,NA,NA,NA,NA,NA,NA,NA,NA,
Gs,S261A,261,ICL3,ICL3,0,0,0,NA,NA,0,other,NA,NA,NA,NA,NA,bystander,NA,1,0,105.8,12.6,21.8,3,0.43,0.88,-6.61,0.22,0.39,0.070,0.005,0.009,3,WT-like,WT-like,0,NA,NA,NA,NA,NA,NA,NA,NA,NA,NA,NA,NA,NA,
Gs,S262A,262,6x24,TM6,0,0,0,NA,NA,0,core,NA,NA,NA,NA,NA,bystander,NA,1,0,103.4,11.0,19.1,3,0.13,0.79,-6.91,0.16,0.28,0.063,0.005,0.008,3,WT-like,WT-like,0,NA,NA,NA,NA,NA,NA,NA,NA,NA,NA,NA,NA,NA,
Gs,K263A,263,6x25,TM6,0,0,0,NA,NA,0,core,NA,NA,NA,NA,NA,bystander,NA,1,0,116.9,10.0,17.3,3,0.42,0.97,-6.62,0.06,0.11,0.077,0.004,0.007,3,WT-like,WT-like,0,NA,NA,NA,NA,NA,NA,NA,NA,NA,NA,153,NA,NA,
Gs,F264A,264,6x26,TM6,0,0,0,NA,NA,0,core,NA,NA,NA,NA,NA,bystander,NA,1,0,79,11.9,20.6,3,0.01,0.98,-7.03,0.17,0.30,0.078,0.003,0.006,3,WT-like,WT-like,0,NA,NA,NA,NA,NA,NA,NA,NA,NA,NA,60,NA,NA,
Gs,C265A,265,6x27,TM6,0,0,0,NA,NA,0,core,0,0,NA,NA,NA,bystander,NA,1,0,77.7,22.2,44.5,4,0.04,0.86,-7.00,0.14,0.25,0.069,0.001,0.002,3,WT-like,WT-like,0,-7.417,13.038,27.789,-6.903,21.879,18.317,12.97,22.3,39.1,-0.3,106,130,-24,
Gs,L266A,266,6x28,TM6,0,0,0,NA,NA,0,core,0,0,NA,NA,NA,bystander,NA,1,0,102,0.1,0.1,3,0.02,1.17,-7.02,0.12,0.21,0.082,0.011,0.020,3,WT-like,WT-like,0,-8.47,16.65,28.352,-6.275,21.998,14.542,14.97,0.2,-169,6.2,76,170,-94,
Gs,K267A,267,6x29,TM6,0,0,0,neutral,NA,0,core,0,0,NA,NA,NA,bystander,NA,1,0,92.3,1.7,2.9,3,0.25,1.07,-6.80,0.19,0.33,0.083,0.001,0.002,3,WT-like,WT-like,0,-7.745,17.548,24.721,-8.42,24.478,12.549,14.02,-26.6,6.9,0.8,175,66,109,
Gs,E268A,268,6x30,TM6,0,0,0,NA,NA,0,core,1,1,NA,NA,NA,disconnected driver,disconnected driver,1,0,67.8,6.6,11.4,3,0.14,0.63,-6.90,0.99,1.40,0.048,0.004,0.006,2,WT-like,reduced,1,-9.858,14.714,23.301,-9.449,21.638,10.202,14.82,13.4,2.1,2.5,59,99,-40,
Gs,H269A,269,6x31,TM6,0,0,0,NA,NA,0,core,0,1,NA,NA,NA,bystander,NA,1,0,88.9,6.0,10.4,3,0.32,0.91,-6.72,0.50,0.86,0.070,0.007,0.011,3,WT-like,WT-like,0,-12.917,16.51,24.671,-10.549,19.417,13.112,12.15,16.4,-4.7,6.7,5,60,-55,
Gs,K270A,270,6x32,TM6,0,1,0,neutral,NA,0,G protein,0,1,NA,NA,NA,bystander,NA,1,0,93,3.3,5.7,3,0.64,1.00,-6.40,0.06,0.10,0.077,0.005,0.008,3,WT-like,WT-like,0,-12.238,19.416,22.318,-12.434,22.354,14.651,8.21,-0.6,15.9,0.2,103,61,42,
Gs,A271G,271,6x33,TM6,0,1,0,neutral,NA,0,G protein,0,0,1.64,9.94,171.84,bystander,NA,1,0,92.9,3.6,6.3,3,0.81,0.97,-6.23,0.22,0.38,0.075,0.003,0.006,3,WT-like,WT-like,0,-12.49,16.85,19.521,-14.197,22.781,11.245,10.32,-23.3,13.2,6,54,4,50,
Gs,L272A,272,6x34,TM6,0,0,0,NA,NA,0,core,0,1,2.42,20.8,236.11,bystander,NA,1,0,83.1,6.4,11.0,3,-0.69,0.92,-7.73,0.36,0.63,0.070,0.016,0.028,3,WT-like,WT-like,0,-15.678,15.261,20.882,-15.162,19.068,11.35,10.28,-19.5,3.7,11.4,4,47,-43,
Gs,K273A,273,6x35,TM6,0,0,0,NA,NA,0,core,0,1,3.98,21.91,258.35,modulator,lipid interaction,1,0,92.1,4.4,7.7,3,0.89,1.05,-6.15,0.52,0.89,0.081,0.009,0.016,3,reduced,WT-like,1,-17.695,18.438,21.501,-16.728,19.562,14.843,6.82,2.4,-5.5,4.9,83,157,-74,
Gs,T274A,274,6x36,TM6,0,1,0,neutral,NA,0,G protein,0,1,1.64,9.98,99.43,bystander,NA,1,0,82.3,5.9,10.3,3,0.03,0.81,-7.01,0.28,0.40,0.062,0.009,0.013,2,WT-like,WT-like,0,-18.026,19.649,17.901,-18.765,22.522,13.442,5.36,-4.7,12.6,-2.2,13,27,-14,
Gs,L275A,275,6x37,TM6,0,1,0,neutral,NA,0,G protein,1,1,1,6.36,89.47,disconnected driver,G protein binding,1,0,87.8,2.8,4.8,3,0.93,0.60,-6.11,0.02,0.03,0.046,0.005,0.007,2,reduced,reduced,1,-19.346,16.211,16.953,-20.203,20.281,10.728,7.49,-5.3,1.7,3,18,22,-4,
Gs,G276A,276,6x38,TM6,0,0,0,NA,NA,0,core,0,1,3.34,17.8,308.96,bystander,NA,1,0,89.6,12.8,22.3,3,0.63,0.87,-6.41,0.60,0.84,0.067,0.000,0.000,2,WT-like,WT-like,0,-21.652,16.347,19.962,-20.799,17.525,13.312,6.81,1.9,-11,0,17,47,-30,
Gs,I277A,277,6x39,TM6,0,0,0,NA,NA,0,core,0,1,2.99,25.18,262.01,bystander,NA,1,0,76,15.4,26.7,3,0.06,0.87,-6.98,0.21,0.30,0.067,0.003,0.004,2,WT-like,WT-like,0,-23.304,19.553,18.771,-22.737,20.103,15.358,3.50,-6,-3.1,4.6,56,74,-18,
Gs,I278A,278,6x40,TM6,0,0,0,NA,NA,0,core,1,1,2.01,11.46,116.59,passenger,NA,1,0,68.8,21.4,37.1,3,0.69,0.85,-6.35,0.11,0.19,0.060,0.010,0.018,3,WT-like,WT-like,0,-23.243,18.772,15.043,-24.915,21.025,12.358,3.88,-0.5,5.6,-6.7,2,12,-10,
Gs,M279A,279,6x41,TM6,0,0,0,NA,NA,0,core,1,1,5.42,22.12,237.43,disconnected driver,disconnected driver,1,0,84.4,8.2,14.3,3,1.62,0.99,-5.42,0.17,0.23,0.076,0.001,0.001,2,reduced,WT-like,1,-25.027,15.458,15.619,-25.674,17.339,11.817,4.29,-16,12.5,2.8,6,34,-28,10.1038/s41467-022-29609-6
Gs,G280A,280,6x42,TM6,0,0,0,NA,NA,0,core,0,0,1,23.81,412.91,modulator,network modifier,1,0,91.9,11.2,19.4,3,1.12,1.06,-5.92,0.18,0.31,0.082,0.006,0.011,3,reduced,WT-like,1,-26.964,16.662,18.65,-26.341,16.497,15.461,3.25,-0.2,-9.2,2.5,29,22,7,
Gs,T281A,281,6x43,TM6,0,0,0,NA,NA,0,core,0,0,7.33,32.74,245.14,bystander,NA,1,0,95,10.3,17.9,3,0.60,0.93,-6.44,0.15,0.26,0.072,0.006,0.010,3,WT-like,WT-like,0,-28.704,19.614,17.023,-28.555,19.548,15.968,1.07,-0.9,15.4,1.2,34,28,6,
Gs,F282A,282,6x44,TM6,0,0,0,NA,PIF,0,core,1,1,1,1.64,106.04,connected driver,motif,1,0,67.4,4.8,8.2,3,1.41,0.25,-5.63,0.29,0.50,0.019,0.003,0.006,3,reduced,reduced,1,-29.711,17.437,14.076,-30.659,18.662,12.901,1.94,-21.5,20,0.4,4,2,2,
Gs,T283A,283,6x45,TM6,0,0,0,NA,NA,0,core,0,1,6.39,29.08,378.33,bystander,NA,1,0,90.9,7.7,13.3,3,0.23,1.01,-6.81,0.13,0.23,0.078,0.004,0.007,3,WT-like,WT-like,0,-30.9,14.737,16.479,-30.954,15.101,14.202,2.31,-18.4,-14.5,1.8,21,40,-19,10.1038/s41467-022-29609-6
Gs,L284A,284,6x46,TM6,0,0,0,NA,NA,0,core,1,0,5.73,63.27,427.92,passenger,NA,1,0,88.3,7.8,13.5,3,0.30,0.88,-6.74,0.48,0.83,0.068,0.008,0.014,3,WT-like,WT-like,0,-32.97,16.534,19.12,-32.008,16.102,17.713,1.76,13.7,-4.8,5.1,133,124,9,
Gs,C285A,285,6x47,TM6,0,0,0,NA,CWxP,0,core,1,0,1,9.02,160.37,connected driver,motif,1,0,78.2,14.1,24.5,3,1.48,0.67,-5.57,0.54,0.94,0.052,0.013,0.022,3,reduced,reduced,1,-34.753,18.583,16.458,-34.525,18.666,16.391,0.25,3,-21.2,3.9,14,8,6,
Gs,W286A,286,6x48,TM6,0,0,0,NA,CWxP,0,core,NA,NA,1,1.48,112.05,NA,NA,2,1,10.1,1.9,3.3,3,0.04,0.00,-7.00,0.00,0.00,0.000,0.000,0.000,2,NA,NA,NA,NA,NA,NA,NA,NA,NA,NA,NA,NA,NA,5,0,5,
Gs,L287A,287,6x49,TM6,0,0,0,NA,NA,0,core,0,0,2.61,22.59,281.21,modulator,network modifier,1,0,97.3,4.2,7.3,3,0.10,0.66,-6.94,0.03,0.04,0.051,0.003,0.004,2,WT-like,reduced,1,-35.653,12.758,15.699,-35.778,12.805,15.461,0.27,-16.2,-5.7,2.6,51,46,5,
Gs,P288A,288,6x50,TM6,0,0,0,NA,CWxP,1,core,NA,NA,1,1,95.79,NA,NA,1,1,16.3,3.1,5.4,3,1.35,0.24,-5.69,1.35,1.91,0.018,0.003,0.004,2,NA,NA,NA,NA,NA,NA,NA,NA,NA,NA,NA,NA,NA,45,49,-4,
Gs,F289A,289,6x51,TM6,1,0,0,NA,NA,0,ligand,0,0,1,7.82,278.55,modulator,ligand binding,1,0,67.8,9.0,15.6,3,2.54,0.44,-4.50,0.53,0.75,0.033,0.020,0.028,2,reduced,reduced,1,-40.736,14.081,15.368,-41.067,14.261,15.338,0.38,-20.4,-11.3,5,17,8,9,
Gs,F290A,290,6x52,TM6,1,0,0,NA,NA,0,ligand,1,0,1,12.39,297.4,connected driver,ligand binding,1,0,109.8,10.5,18.1,3,1.18,0.92,-5.86,0.14,0.24,0.064,0.007,0.012,3,reduced,WT-like,1,-39.782,11.628,12.624,-40.139,11.349,13.022,0.60,10.2,0.7,0.3,19,11,8,
Gs,I291A,291,6x53,TM6,0,0,0,NA,NA,0,core,NA,NA,8.4,42.47,380.47,NA,NA,1,1,1,1.5,2.6,3,0.58,0.70,-6.46,0.14,0.25,0.050,0.005,0.008,3,NA,NA,NA,NA,NA,NA,NA,NA,NA,NA,NA,NA,NA,79,70,9,
Gs,V292A,292,6x54,TM6,0,0,0,NA,NA,0,core,0,1,10.5,41.28,361.18,bystander,NA,1,0,94.3,14.5,25.1,3,0.18,1.08,-6.86,0.16,0.27,0.078,0.002,0.004,3,WT-like,WT-like,0,-43.223,9.853,16.439,-43.849,9.855,16.51,0.63,8.5,6.8,-0.1,8,26,-18,
Gs,N293A,293,6x55,TM6,1,0,0,NA,NA,0,ligand,1,0,3.96,26.71,212.51,connected driver,ligand binding,1,0,70.4,19.5,38.9,4,1.00,0.96,-6.04,0.02,0.04,0.069,0.004,0.006,3,reduced,WT-like,1,-44.346,9.57,12.816,-44.759,9.276,12.805,0.51,-1.7,-9.5,-2.3,27,19,8,
Gs,I294A,294,6x56,TM6,0,0,0,NA,NA,0,core,1,0,7.27,36.57,375.99,passenger,NA,1,0,70.2,19.8,39.6,4,0.85,1.09,-6.19,0.13,0.22,0.078,0.002,0.003,3,WT-like,WT-like,0,-43.727,5.822,12.825,-43.727,5.645,13.194,0.41,5,27.9,-1.1,56,37,19,
Gs,V295A,295,6x57,TM6,0,0,0,NA,NA,0,core,1,1,6.98,55.52,391.02,passenger,NA,1,0,55.3,21.8,43.5,4,-0.53,0.95,-7.57,0.07,0.13,0.069,0.003,0.005,3,WT-like,WT-like,0,-45.248,5.844,16.317,-45.211,5.263,16.729,0.71,-22.7,2.9,1.8,42,58,-16,
Gs,H296A,296,6x58,TM6,0,0,0,NA,NA,0,core,0,1,13.94,54.99,281.75,bystander,NA,1,0,78.5,16.8,29.0,3,-0.13,0.92,-7.17,0.14,0.24,0.066,0.004,0.007,3,WT-like,WT-like,0,-48.525,7.251,14.976,-48.566,6.393,15.233,0.90,-4.3,-11.8,6,28,57,-29,
Gs,V297A,297,6x59,TM6,0,0,0,NA,NA,0,core,0,1,8.7,31.43,376.2,bystander,NA,1,0,97.7,15.9,27.6,3,-0.32,1.03,-7.36,0.05,0.09,0.075,0.004,0.006,3,WT-like,WT-like,0,-48.311,4.84,12.048,-48.29,3.719,12.509,1.21,0.3,-12.9,4.6,20,31,-11,
Gs,I298A,298,6x60,TM6,0,0,0,NA,NA,0,core,0,0,12.98,35.18,413.81,bystander,NA,1,0,68.4,12.4,21.5,3,-0.25,0.93,-7.29,0.14,0.24,0.067,0.004,0.006,3,WT-like,WT-like,0,-47.469,1.681,14.017,-47.981,1.165,15.368,1.53,2.7,6.1,2,141,131,10,
Gs,Q299A,299,6x61,TM6,0,0,0,NA,NA,0,core,0,0,NA,NA,NA,bystander,NA,1,0,109.7,2.9,5.1,3,-0.36,1.02,-7.40,0.04,0.07,0.074,0.003,0.006,3,WT-like,WT-like,0,-49.726,2.211,17.04,-50.67,2.733,17.589,1.21,18.9,-0.2,-0.9,119,47,72,10.1038/s41594-021-00674-7
Gs,D300A,300,ECL3,ECL3,0,0,0,NA,NA,0,other,0,0,NA,NA,NA,bystander,NA,1,0,96.7,8.0,13.9,3,-0.29,0.99,-7.33,0.18,0.31,0.072,0.007,0.011,3,WT-like,WT-like,0,-52.77,4.445,16.576,-52.287,5.998,16.446,1.63,-3.7,-0.4,3.1,88,128,-40,
Gs,N301A,301,ECL3,ECL3,0,0,0,NA,NA,0,other,0,1,NA,NA,NA,bystander,NA,1,0,63.9,15.9,27.5,3,0.10,0.99,-6.94,0.06,0.10,0.072,0.003,0.005,3,WT-like,WT-like,0,-54.401,6.511,19.338,-53.383,8.799,18.867,2.55,-6.6,9.6,-6.8,139,93,46,
Gs,L302A,302,ECL3,ECL3,0,0,0,NA,NA,0,other,0,1,NA,NA,NA,bystander,NA,1,0,102.9,10.7,18.6,3,0.02,0.91,-7.02,0.16,0.28,0.063,0.004,0.008,3,WT-like,WT-like,0,-51.126,6.434,21.266,-50.967,7.679,21.664,1.32,-33.1,28.2,8,121,72,49,
Gs,I303A,303,ECL3,ECL3,0,0,0,NA,NA,0,other,1,1,NA,NA,NA,passenger,NA,1,0,50.7,12.8,22.2,3,0.55,0.89,-6.49,0.11,0.19,0.064,0.003,0.006,3,WT-like,WT-like,0,-50.31,10,20.233,-49.386,11.175,21.738,2.12,-9.5,10.5,-9.1,50,35,15,
Gs,R304A,304,7x30,TM7,0,0,0,NA,NA,0,core,0,0,NA,NA,NA,bystander,NA,1,0,85.9,15.5,26.9,3,-0.09,0.74,-7.13,0.11,0.19,0.053,0.004,0.007,3,WT-like,WT-like,0,-51.48,13.553,20.957,-51.595,14.281,21.778,1.10,-26,2.7,1.1,153,55,98,
Gs,K305A,305,7x31,TM7,0,0,0,NA,NA,0,core,0,1,NA,NA,NA,bystander,NA,1,0,66.8,13.5,23.4,3,0.61,0.82,-6.43,0.11,0.18,0.059,0.003,0.005,3,WT-like,WT-like,0,-52.02,16.057,18.137,-51.976,16.478,18.684,0.69,-27.6,30.2,-5.5,132,107,25,
Gs,E306A,306,7x32,TM7,0,0,0,NA,NA,0,core,NA,NA,18.83,84.53,564.38,NA,NA,1,1,22.7,7.4,12.8,3,0.97,0.51,-6.07,0.10,0.18,0.036,0.002,0.003,3,NA,NA,NA,NA,NA,NA,NA,NA,NA,NA,NA,NA,NA,123,73,50,
Gs,V307A,307,7x33,TM7,0,0,0,NA,NA,0,core,0,1,9.07,56.17,410.69,bystander,NA,1,0,86.9,9.4,16.3,3,0.36,0.85,-6.68,0.07,0.13,0.061,0.003,0.005,3,WT-like,WT-like,0,-47.002,16.524,20.143,-47.348,17.427,21.454,1.63,11.9,6.3,3.6,61,59,2,
Gs,Y308A,308,7x34,TM7,0,0,0,NA,NA,0,core,0,1,5.06,36.17,284.39,modulator,ligand entry path,1,0,92,4.4,7.6,3,1.10,1.03,-5.95,0.01,0.01,0.074,0.002,0.004,3,reduced,WT-like,1,-46.968,16.225,16.353,-46.944,16.3,17.825,1.47,-1.3,-14,4.5,61,35,26,
Gs,I309A,309,7x35,TM7,0,0,0,NA,NA,0,core,0,0,12.17,57.4,428.9,modulator,ligand entry path,1,0,93,10.7,18.5,3,0.24,0.73,-6.80,0.29,0.50,0.053,0.002,0.004,3,WT-like,reduced,1,-47.02,19.965,15.667,-47.363,19.916,16.624,1.02,1.5,-3,0.7,58,73,-15,
Gs,L310A,310,7x36,TM7,0,0,0,NA,NA,0,core,0,0,9,50.64,425.34,bystander,NA,1,0,89.8,7.3,12.6,3,-0.35,0.78,-7.39,0.32,0.56,0.056,0.006,0.010,3,WT-like,WT-like,0,-44.674,20.783,18.544,-44.798,21.123,19.194,0.74,7.5,-11.9,1.6,107,108,-1,
Gs,L311A,311,7x37,TM7,0,0,0,NA,NA,0,core,0,0,6.35,30.18,249.3,bystander,NA,1,0,87.8,8.0,13.8,3,0.34,0.94,-6.70,0.10,0.17,0.067,0.004,0.007,3,WT-like,WT-like,0,-42.111,18.251,17.335,-42.306,18.451,18.018,0.74,7.4,-19.4,4.9,30,17,13,
Gs,N312A,312,7x38,TM7,1,0,0,NA,NA,0,ligand,0,0,2.01,31.08,277.47,modulator,ligand binding,1,0,46.9,5.6,9.8,3,2.84,0.54,-4.20,0.09,0.13,0.037,0.005,0.007,2,reduced,reduced,1,-42.489,19.439,13.757,-42.803,19.758,14.455,0.83,17.7,-4.4,-1.7,28,23,5,
Gs,W313A,313,7x39,TM7,0,0,0,NA,NA,0,core,1,0,1,5.76,260.98,disconnected driver,disconnected driver,1,0,28.8,6.1,10.6,3,0.90,0.47,-6.14,0.21,0.36,0.034,0.002,0.003,3,reduced,reduced,1,-41.637,22.999,14.872,-42.015,23.335,15.579,0.87,5.6,-21.4,3.3,26,27,-1,
Gs,I314A,314,7x40,TM7,0,0,0,NA,NA,0,core,1,0,6.91,22.79,207.12,passenger,NA,1,0,110.4,17.1,29.7,3,0.43,0.84,-6.61,0.15,0.27,0.058,0.002,0.004,3,WT-like,WT-like,0,-38.71,21.76,16.969,-38.783,22.095,17.192,0.41,19,-4.4,2.6,67,63,4,
Gs,G315A,315,7x41,TM7,0,0,0,NA,NA,0,core,1,0,1,12.33,208.11,connected driver,connected driver,1,0,27.9,15.2,26.3,3,0.71,0.73,-6.33,0.20,0.35,0.055,0.003,0.005,3,WT-like,reduced,1,-37.453,20.299,13.705,-38.03,20.816,13.687,0.77,-2.6,16,-2.7,0,0,0,
Gs,Y316A,316,7x42,TM7,1,0,0,NA,NA,0,ligand,NA,NA,1,3.97,256.25,NA,NA,1,1,19,5.6,9.7,3,1.44,0.49,-5.60,0.19,0.33,0.038,0.005,0.008,3,NA,NA,NA,NA,NA,NA,NA,NA,NA,NA,NA,NA,NA,7,7,0,
Gs,V317A,317,7x43,TM7,0,0,0,NA,NA,0,core,0,0,8.33,42.76,381.47,bystander,NA,1,0,91.5,5.1,8.9,3,-0.39,1.04,-7.43,0.10,0.17,0.080,0.007,0.012,3,WT-like,WT-like,0,-35.685,25.403,14.377,-36.984,26.219,14.565,1.55,-5,6.9,3.2,40,36,4,
Gs,N318A,318,7x45,TM7,0,0,0,NA,NA,0,core,1,0,1,4.91,115.2,connected driver,connected driver,1,0,86.7,15.7,27.3,3,0.91,0.88,-6.13,0.23,0.39,0.067,0.002,0.004,3,reduced,WT-like,1,-32.841,23.286,12.977,-33.845,24.213,13.643,1.52,-5.1,-3.8,2.2,1,3,-2,
Gs,S319A,319,7x46,TM7,0,0,0,NA,NA,0,core,0,0,1,1.4,117.33,bystander,NA,1,0,93.9,11.0,19.0,3,0.78,1.07,-6.26,0.11,0.19,0.081,0.004,0.007,3,WT-like,WT-like,0,-33.039,25.428,9.843,-33.831,26.273,10.404,1.29,-0.7,-18.8,1.1,2,0,2,10.1038/s41594-021-00674-7
Gs,G320A,320,7x47,TM7,0,0,0,NA,NA,0,core,0,0,6.79,33.64,270.8,bystander,NA,1,0,90,14.9,25.8,3,-0.46,1.02,-7.50,0.08,0.14,0.077,0.003,0.005,3,WT-like,WT-like,0,-32.094,28.347,12.077,-32.604,29.21,12.552,1.11,16.3,-22.3,-8.7,13,11,2,
Gs,F321A,321,7x48,TM7,0,0,0,NA,NA,0,core,0,0,7.06,34.19,264.07,bystander,NA,1,0,78.8,13.0,26.0,4,0.15,1.07,-6.89,0.11,0.20,0.082,0.003,0.006,3,WT-like,WT-like,0,-29.373,26.384,13.858,-29.593,27.531,14.259,1.23,15.3,9.6,-0.7,76,81,-5,
Gs,N322A,322,7x49,TM7,0,0,0,NA,NPxxY,0,core,1,1,1.63,2.69,48.65,connected driver,motif,1,0,104.8,18.6,32.1,3,1.34,0.64,-5.70,0.31,0.54,0.048,0.004,0.007,3,reduced,reduced,1,-27.63,25.429,10.601,-27.004,26.785,11.576,1.78,3.6,-12.7,7.3,3,5,-2,
Gs,P323A,323,7x50,TM7,0,0,0,NA,NPxxY,1,core,0,1,1,1.01,23.93,modulator,motif,1,0,83.8,14.9,25.8,3,1.20,0.83,-5.84,0.11,0.18,0.063,0.004,0.007,3,reduced,WT-like,1,-25.913,28.783,9.883,-26.2,30.489,11.006,2.06,-2.7,8.8,4.4,10,16,-6,"10.1038/s41467-022-29609-6, 10.1038/s41594-021-00674-7"
Gs,L324A,324,7x51,TM7,0,0,0,NA,NA,0,core,0,0,7.41,45.35,351.7,bystander,NA,1,0,79.2,13.4,23.2,3,0.24,1.05,-6.80,0.14,0.24,0.080,0.004,0.007,3,WT-like,WT-like,0,-24.541,28.841,13.442,-25.37,30.735,14.762,2.45,-10.9,4,4.6,122,119,3,
Gs,I325A,325,7x52,TM7,0,0,0,NA,NA,0,core,0,1,1,10.32,145.36,modulator,network modifier,1,0,58.4,13.7,27.4,4,1.22,0.82,-5.82,0.16,0.28,0.063,0.003,0.006,3,reduced,WT-like,1,-23.369,25.216,13.536,-23.399,27.464,14.658,2.51,-28.7,36.6,7.4,21,29,-8,
Gs,Y326A,326,7x53,TM7,0,0,0,neutral,NPxxY,0,core,1,1,1,3.17,29.46,connected driver,motif,1,0,91.6,9.1,15.7,3,0.70,0.53,-6.34,0.22,0.38,0.038,0.005,0.009,3,WT-like,reduced,1,-21.94,25.31,10.002,-21.254,28.906,11.785,4.07,-56,-42.5,19.6,7,20,-13,
Gs,C327A,327,7x54,TM7,0,0,0,NA,NA,0,core,1,1,3.16,12.4,146.15,passenger,NA,1,0,89.4,11.4,22.8,4,-0.43,0.90,-7.47,0.19,0.33,0.067,0.004,0.007,3,WT-like,WT-like,0,-20.764,28.679,8.669,-20.037,31.679,14.129,6.27,-12.2,24.7,12.8,47,5,42,
Gs,R328A,328,7x55,TM7,0,0,0,neutral,NA,0,core,0,1,6.16,31.62,225.22,bystander,NA,1,0,98.4,15.7,31.3,4,0.64,1.23,-6.40,0.04,0.07,0.093,0.002,0.003,3,WT-like,WT-like,0,-18.262,29.178,11.51,-17.66,28.935,15.439,3.98,3.9,21.5,2.9,94,166,-72,
Gs,S329A,329,8x47,H8,0,0,0,neutral,NA,0,core,0,1,3.02,11.69,104.6,bystander,NA,1,0,83.9,15.6,27.0,3,0.32,0.97,-6.72,0.03,0.05,0.074,0.002,0.004,3,WT-like,WT-like,0,-15.524,29.087,8.838,-15.713,29.502,12.197,3.39,30.6,11.6,8.8,26,38,-12,
Gs,P330A,330,8x48,H8,0,0,0,neutral,NA,0,core,0,1,10.1,53.02,353.48,bystander,NA,1,0,87.3,11.6,20.1,3,0.01,0.99,-7.03,0.05,0.09,0.075,0.002,0.003,3,WT-like,WT-like,0,-12.827,31.812,9.149,-13.279,32.444,12.248,3.19,17.4,-18.3,1,74,95,-21,
Gs,D331A,331,8x49,H8,0,0,0,neutral,NA,0,core,0,1,NA,NA,NA,bystander,NA,1,0,68.7,14.0,24.3,3,0.09,0.81,-6.95,0.21,0.36,0.060,0.008,0.014,3,WT-like,WT-like,0,-13.766,33.532,5.877,-13.937,32.938,8.494,2.69,-0.3,3,1.5,51,80,-29,
Gs,F332A,332,8x50,H8,0,0,0,neutral,NA,1,core,1,1,NA,NA,NA,connected driver,x50,1,0,45.4,12.2,21.2,3,1.23,0.52,-5.81,0.12,0.21,0.039,0.002,0.003,3,reduced,reduced,1,-17.464,33.093,6.594,-17.754,33.231,8.794,2.22,15.9,-2.8,6,12,1,11,10.1038/s41467-022-29609-6
Gs,R333A,333,8x51,H8,0,0,0,NA,NA,0,core,0,1,NA,NA,NA,bystander,NA,1,0,91.1,15.5,26.9,3,0.11,0.88,-6.93,0.19,0.32,0.067,0.001,0.002,3,WT-like,WT-like,0,-17.168,35.022,9.865,-17.428,35.358,11.9,2.08,-6.9,-11.7,4,123,48,75,10.1038/s41467-022-29609-6
Gs,I334A,334,8x52,H8,0,0,0,NA,NA,0,core,0,0,NA,NA,NA,bystander,NA,1,0,98,12.6,25.2,4,-0.15,0.94,-7.19,0.21,0.37,0.071,0.004,0.007,3,WT-like,WT-like,0,-15.291,38.042,8.516,-15.118,37.711,9.897,1.43,12.1,-10.2,2.6,80,98,-18,
Gs,A335G,335,8x53,H8,0,0,0,NA,NA,0,core,0,1,NA,NA,NA,bystander,NA,1,0,64.5,14.1,28.1,4,0.39,0.93,-6.65,0.19,0.33,0.070,0.003,0.006,3,WT-like,WT-like,0,-17.53,38.163,5.451,-17.455,37.487,6.906,1.61,0.8,25.9,-0.4,4,4,0,
Gs,F336A,336,8x54,H8,0,0,0,NA,NA,0,core,1,1,NA,NA,NA,passenger,NA,1,0,63.3,11.9,23.7,4,0.32,1.03,-6.72,0.10,0.18,0.077,0.001,0.002,3,WT-like,WT-like,0,-20.487,37.939,7.846,-20.573,38.357,8.98,1.21,-17,2.8,2.6,13,32,-19,
Gs,Q337A,337,8x55,H8,0,0,0,NA,NA,0,core,0,0,NA,NA,NA,bystander,NA,1,0,81.4,15.7,31.3,4,0.13,1.05,-6.91,0.23,0.39,0.079,0.006,0.010,3,WT-like,WT-like,0,-19.616,40.832,10.141,-19.101,41.306,10.901,1.03,-14.3,6.7,5.4,81,134,-53,
Gs,E338A,338,8x56,H8,0,0,0,NA,NA,0,core,0,0,NA,NA,NA,bystander,NA,1,0,66.7,10.9,18.8,3,0.54,0.89,-6.50,0.15,0.26,0.062,0.007,0.012,3,WT-like,WT-like,0,-18.548,42.975,7.181,-17.998,42.814,7.552,0.68,-1.1,27.6,-4.6,94,131,-37,
Gs,L339A,339,8x57,H8,0,0,0,NA,NA,0,core,0,1,NA,NA,NA,bystander,NA,1,0,50.3,9.8,17.0,3,0.40,0.87,-6.64,0.06,0.11,0.077,0.004,0.006,3,WT-like,WT-like,0,-22.207,42.945,6.111,-21.538,42.366,6.169,0.89,-24.4,17.2,3.3,35,62,-27,
Gs,L340A,340,8x58,H8,0,0,0,NA,NA,0,core,0,1,NA,NA,NA,bystander,NA,1,0,59.8,6.8,11.8,3,0.33,0.75,-6.71,0.11,0.19,0.066,0.003,0.005,3,WT-like,WT-like,0,-23.319,43.942,9.617,-23.075,43.895,9.349,0.37,-0.6,-17.7,2.8,75,102,-27,
Gs,C341A,341,8x59,H8,0,0,0,NA,NA,0,core,0,0,NA,NA,NA,bystander,NA,1,0,76.8,4.9,8.4,3,0.19,0.91,-6.85,0.27,0.46,0.079,0.007,0.012,3,WT-like,WT-like,0,-21.418,47.251,9.552,-20.776,46.997,9.049,0.85,15.8,NA,NA,122,162,-40,
Gs,L342A,342,C-term,C-term,0,0,0,NA,NA,0,other,NA,NA,NA,NA,NA,bystander,NA,1,0,88.8,2.0,3.4,3,0.09,0.97,-6.95,0.16,0.27,0.085,0.007,0.012,3,WT-like,WT-like,0,NA,NA,NA,NA,NA,NA,NA,NA,NA,NA,155,NA,NA,
Gs,R343A,343,C-term,C-term,0,0,0,NA,NA,0,other,NA,NA,NA,NA,NA,bystander,NA,1,0,72.5,4.7,8.1,3,0.06,0.91,-6.98,0.19,0.34,0.081,0.009,0.015,3,WT-like,WT-like,0,NA,NA,NA,NA,NA,NA,NA,NA,NA,NA,NA,NA,NA,
Gs,R344A,344,C-term,C-term,0,0,0,NA,NA,0,other,NA,NA,NA,NA,NA,bystander,NA,1,0,72.9,7.1,12.2,3,0.05,1.03,-6.99,0.27,0.47,0.092,0.012,0.020,3,WT-like,WT-like,0,NA,NA,NA,NA,NA,NA,NA,NA,NA,NA,NA,NA,NA,
Gs,S345A,345,C-term,C-term,0,0,0,NA,NA,0,other,NA,NA,NA,NA,NA,bystander,NA,1,0,109.6,8.4,14.6,3,-0.02,0.95,-7.06,0.12,0.21,0.084,0.008,0.014,3,WT-like,WT-like,0,NA,NA,NA,NA,NA,NA,NA,NA,NA,NA,NA,NA,NA,
Gs,S346A,346,C-term,C-term,0,0,0,NA,NA,0,other,NA,NA,NA,NA,NA,bystander,NA,1,0,96.9,7.0,12.1,3,-0.16,0.95,-7.20,0.12,0.20,0.084,0.008,0.014,3,WT-like,WT-like,0,NA,NA,NA,NA,NA,NA,NA,NA,NA,NA,NA,NA,NA,
Gs,L347A,347,C-term,C-term,0,0,0,NA,NA,0,other,NA,NA,NA,NA,NA,bystander,NA,1,0,109.9,10.1,17.6,3,-0.47,1.01,-7.51,0.04,0.08,0.089,0.005,0.009,3,WT-like,WT-like,0,NA,NA,NA,NA,NA,NA,NA,NA,NA,NA,NA,NA,NA,
Gs,K348A,348,C-term,C-term,0,0,0,NA,NA,0,other,NA,NA,NA,NA,NA,bystander,NA,1,0,93.1,12.5,21.6,3,-0.35,1.08,-7.39,0.11,0.18,0.096,0.010,0.017,3,WT-like,WT-like,0,NA,NA,NA,NA,NA,NA,NA,NA,NA,NA,NA,NA,NA,
Gs,A349G,349,C-term,C-term,0,0,0,NA,NA,0,other,NA,NA,NA,NA,NA,bystander,NA,1,0,78.3,17.7,35.5,4,0.11,1.02,-6.93,0.20,0.35,0.089,0.007,0.013,3,WT-like,WT-like,0,NA,NA,NA,NA,NA,NA,NA,NA,NA,NA,NA,NA,NA,
Gs,Y350A,350,C-term,C-term,0,0,0,NA,NA,0,other,NA,NA,NA,NA,NA,bystander,NA,1,0,73.1,31.4,54.3,3,-0.07,0.99,-7.11,0.04,0.08,0.069,0.006,0.011,3,WT-like,WT-like,0,NA,NA,NA,NA,NA,NA,NA,NA,NA,NA,NA,NA,NA,
Gs,G351A,351,C-term,C-term,0,0,0,NA,NA,0,other,NA,NA,NA,NA,NA,bystander,NA,1,0,86,12.7,21.9,3,-0.06,0.89,-7.10,0.14,0.25,0.078,0.007,0.012,3,WT-like,WT-like,0,NA,NA,NA,NA,NA,NA,NA,NA,NA,NA,NA,NA,NA,
Gs,N352A,352,C-term,C-term,0,0,0,NA,NA,0,other,NA,NA,NA,NA,NA,bystander,NA,1,0,93,9.4,16.3,3,-0.04,0.81,-7.08,0.16,0.28,0.071,0.005,0.008,3,WT-like,WT-like,0,NA,NA,NA,NA,NA,NA,NA,NA,NA,NA,NA,NA,NA,
Gs,G353A,353,C-term,C-term,0,0,0,NA,NA,0,other,NA,NA,NA,NA,NA,bystander,NA,1,0,97,9.3,16.1,3,0.01,0.84,-7.03,0.25,0.43,0.074,0.002,0.003,3,WT-like,WT-like,0,NA,NA,NA,NA,NA,NA,NA,NA,NA,NA,NA,NA,NA,
Gs,Y354A,354,C-term,C-term,0,0,0,NA,NA,0,other,NA,NA,NA,NA,NA,bystander,NA,1,0,108.6,6.8,11.9,3,0.18,0.83,-6.86,0.05,0.08,0.073,0.002,0.003,3,WT-like,WT-like,0,NA,NA,NA,NA,NA,NA,NA,NA,NA,NA,NA,NA,NA,
Gs,S355A,355,C-term,C-term,0,0,0,NA,NA,0,other,NA,NA,NA,NA,NA,bystander,NA,1,0,112.4,3.3,5.6,3,-0.10,0.89,-7.14,0.16,0.27,0.078,0.004,0.007,3,WT-like,WT-like,0,NA,NA,NA,NA,NA,NA,NA,NA,NA,NA,NA,NA,NA,
Gs,S356A,356,C-term,C-term,0,0,0,NA,NA,0,other,NA,NA,NA,NA,NA,bystander,NA,1,0,98.2,2.6,4.5,3,-0.08,0.86,-7.12,0.22,0.39,0.075,0.003,0.006,3,WT-like,WT-like,0,NA,NA,NA,NA,NA,NA,NA,NA,NA,NA,NA,NA,NA,
Gs,N357A,357,C-term,C-term,0,0,0,NA,NA,0,other,NA,NA,NA,NA,NA,bystander,NA,1,0,103.1,6.5,11.2,3,0.03,0.85,-7.01,0.12,0.21,0.074,0.005,0.008,3,WT-like,WT-like,0,NA,NA,NA,NA,NA,NA,NA,NA,NA,NA,NA,NA,NA,
Gs,G358A,358,C-term,C-term,0,0,0,NA,NA,0,other,NA,NA,NA,NA,NA,bystander,NA,1,0,100.8,12.0,20.7,3,-0.01,0.85,-7.05,0.02,0.04,0.075,0.003,0.006,3,WT-like,WT-like,0,NA,NA,NA,NA,NA,NA,NA,NA,NA,NA,NA,NA,NA,
Gs,N359A,359,C-term,C-term,0,0,0,NA,NA,0,other,NA,NA,NA,NA,NA,bystander,NA,1,0,106.9,8.2,14.2,3,-0.13,0.93,-7.17,0.03,0.05,0.081,0.004,0.007,3,WT-like,WT-like,0,NA,NA,NA,NA,NA,NA,NA,NA,NA,NA,NA,NA,NA,
Gs,T360A,360,C-term,C-term,0,0,0,NA,NA,0,other,NA,NA,NA,NA,NA,bystander,NA,1,0,97.5,15.6,27.0,3,0.03,0.82,-7.01,0.03,0.05,0.072,0.004,0.006,3,WT-like,WT-like,0,NA,NA,NA,NA,NA,NA,NA,NA,NA,NA,NA,NA,NA,
Gs,G361A,361,C-term,C-term,0,0,0,NA,NA,0,other,NA,NA,NA,NA,NA,bystander,NA,1,0,92,12.1,20.9,3,0.13,0.91,-6.91,0.19,0.33,0.080,0.005,0.009,3,WT-like,WT-like,0,NA,NA,NA,NA,NA,NA,NA,NA,NA,NA,NA,NA,NA,
Gs,E362A,362,C-term,C-term,0,0,0,NA,NA,0,other,NA,NA,NA,NA,NA,bystander,NA,1,0,71.9,6.3,10.9,3,-0.15,0.99,-7.19,0.06,0.11,0.069,0.002,0.004,3,WT-like,WT-like,0,NA,NA,NA,NA,NA,NA,NA,NA,NA,NA,NA,NA,NA,
Gs,Q363A,363,C-term,C-term,0,0,0,NA,NA,0,other,NA,NA,NA,NA,NA,bystander,NA,1,0,70.6,13.8,24.0,3,-0.30,1.03,-7.34,0.13,0.23,0.086,0.011,0.019,3,WT-like,WT-like,0,NA,NA,NA,NA,NA,NA,NA,NA,NA,NA,NA,NA,NA,
Gs,S364A,364,C-term,C-term,0,0,0,NA,NA,0,other,NA,NA,NA,NA,NA,bystander,NA,1,0,74.9,11.3,19.6,3,0.01,0.95,-7.03,0.08,0.13,0.079,0.006,0.010,3,WT-like,WT-like,0,NA,NA,NA,NA,NA,NA,NA,NA,NA,NA,NA,NA,NA,
Gs,G365A,365,C-term,C-term,0,0,0,NA,NA,0,other,NA,NA,NA,NA,NA,bystander,NA,1,0,83.5,17.9,35.7,4,-0.13,0.99,-7.17,0.10,0.17,0.082,0.008,0.014,3,WT-like,WT-like,0,NA,NA,NA,NA,NA,NA,NA,NA,NA,NA,NA,NA,NA,
Gs,Y366A,366,C-term,C-term,0,0,0,NA,NA,0,other,NA,NA,NA,NA,NA,bystander,NA,1,0,92.8,16.8,33.5,4,-0.39,0.97,-7.43,0.16,0.23,0.078,0.008,0.011,2,WT-like,WT-like,0,NA,NA,NA,NA,NA,NA,NA,NA,NA,NA,NA,NA,NA,
Gs,H367A,367,C-term,C-term,0,0,0,NA,NA,0,other,NA,NA,NA,NA,NA,bystander,NA,1,0,90.8,15.2,30.4,4,-0.47,1.04,-7.51,0.34,0.48,0.082,0.006,0.009,2,WT-like,WT-like,0,NA,NA,NA,NA,NA,NA,NA,NA,NA,NA,NA,NA,NA,
Gs,V368A,368,C-term,C-term,0,0,0,NA,NA,0,other,NA,NA,NA,NA,NA,bystander,NA,1,0,94.5,8.9,15.4,3,-0.16,0.85,-7.20,0.12,0.17,0.068,0.007,0.010,2,WT-like,WT-like,0,NA,NA,NA,NA,NA,NA,NA,NA,NA,NA,NA,NA,NA,
Gs,E369A,369,C-term,C-term,0,0,0,NA,NA,0,other,NA,NA,NA,NA,NA,bystander,NA,1,0,96.3,15.9,27.5,3,-0.27,0.91,-7.31,0.27,0.38,0.072,0.007,0.010,2,WT-like,WT-like,0,NA,NA,NA,NA,NA,NA,NA,NA,NA,NA,NA,NA,NA,
Gs,Q370A,370,C-term,C-term,0,0,0,NA,NA,0,other,NA,NA,NA,NA,NA,bystander,NA,1,0,76.7,14.4,24.9,3,-0.30,1.02,-7.34,0.15,0.25,0.086,0.009,0.015,3,WT-like,WT-like,0,NA,NA,NA,NA,NA,NA,NA,NA,NA,NA,NA,NA,NA,
Gs,E371A,371,C-term,C-term,0,0,0,NA,NA,0,other,NA,NA,NA,NA,NA,bystander,NA,1,0,89.2,20.3,40.7,4,0.07,0.88,-6.97,0.22,0.37,0.073,0.010,0.017,3,WT-like,WT-like,0,NA,NA,NA,NA,NA,NA,NA,NA,NA,NA,NA,NA,NA,
Gs,K372A,372,C-term,C-term,0,0,0,NA,NA,0,other,NA,NA,NA,NA,NA,bystander,NA,1,0,71.4,20.5,41.0,4,0.06,1.00,-6.98,0.13,0.22,0.083,0.007,0.011,3,WT-like,WT-like,0,NA,NA,NA,NA,NA,NA,NA,NA,NA,NA,NA,NA,NA,
Gs,E373A,373,C-term,C-term,0,0,0,NA,NA,0,other,NA,NA,NA,NA,NA,bystander,NA,1,0,64.9,21.1,42.2,4,-0.02,0.89,-7.06,0.17,0.29,0.074,0.009,0.016,3,WT-like,WT-like,0,NA,NA,NA,NA,NA,NA,NA,NA,NA,NA,NA,NA,NA,
Gs,N374A,374,C-term,C-term,0,0,0,NA,NA,0,other,NA,NA,NA,NA,NA,bystander,NA,1,0,110,3.6,6.3,3,0.25,0.94,-6.79,0.08,0.14,0.066,0.008,0.014,3,WT-like,WT-like,0,NA,NA,NA,NA,NA,NA,NA,NA,NA,NA,NA,NA,NA,
Gs,K375A,375,C-term,C-term,0,0,0,NA,NA,0,other,NA,NA,NA,NA,NA,bystander,NA,1,0,87,13.1,22.6,3,-0.22,0.94,-7.26,0.19,0.34,0.078,0.007,0.012,3,WT-like,WT-like,0,NA,NA,NA,NA,NA,NA,NA,NA,NA,NA,NA,NA,NA,
Gs,L376A,376,C-term,C-term,0,0,0,NA,NA,0,other,NA,NA,NA,NA,NA,bystander,NA,1,0,93,14.6,29.2,4,-0.19,0.93,-7.23,0.24,0.42,0.077,0.010,0.017,3,WT-like,WT-like,0,NA,NA,NA,NA,NA,NA,NA,NA,NA,NA,NA,NA,NA,
Gs,L377A,377,C-term,C-term,0,0,0,NA,NA,0,other,NA,NA,NA,NA,NA,bystander,NA,1,0,81.3,14.2,24.6,3,-0.18,0.89,-7.22,0.18,0.32,0.073,0.004,0.007,3,WT-like,WT-like,0,NA,NA,NA,NA,NA,NA,NA,NA,NA,NA,NA,NA,NA,
Gs,C378A,378,C-term,C-term,0,0,0,NA,NA,0,other,NA,NA,NA,NA,NA,bystander,NA,1,0,77.1,10.9,18.9,3,0.10,0.82,-6.94,0.07,0.09,0.065,0.002,0.003,2,WT-like,WT-like,0,NA,NA,NA,NA,NA,NA,NA,NA,NA,NA,NA,NA,NA,
Gs,E379A,379,C-term,C-term,0,0,0,NA,NA,0,other,NA,NA,NA,NA,NA,bystander,NA,1,0,79.6,16.8,29.2,3,-0.17,0.89,-7.21,0.15,0.21,0.072,0.014,0.020,2,WT-like,WT-like,0,NA,NA,NA,NA,NA,NA,NA,NA,NA,NA,NA,NA,NA,
Gs,D380A,380,C-term,C-term,0,0,0,NA,NA,0,other,NA,NA,NA,NA,NA,bystander,NA,1,0,92.2,14.4,25.0,3,-0.03,0.85,-7.07,0.13,0.18,0.068,0.008,0.011,2,WT-like,WT-like,0,NA,NA,NA,NA,NA,NA,NA,NA,NA,NA,NA,NA,NA,
Gs,L381A,381,C-term,C-term,0,0,0,NA,NA,0,other,NA,NA,NA,NA,NA,bystander,NA,1,0,102.8,14.7,25.5,3,-0.10,0.83,-7.14,0.02,0.03,0.066,0.007,0.010,2,WT-like,WT-like,0,NA,NA,NA,NA,NA,NA,NA,NA,NA,NA,NA,NA,NA,
Gs,P382A,382,C-term,C-term,0,0,0,NA,NA,0,other,NA,NA,NA,NA,NA,bystander,NA,1,0,91.3,15.3,30.7,4,0.10,0.84,-6.94,0.16,0.27,0.070,0.003,0.006,3,WT-like,WT-like,0,NA,NA,NA,NA,NA,NA,NA,NA,NA,NA,NA,NA,NA,
Gs,G383A,383,C-term,C-term,0,0,0,NA,NA,0,other,NA,NA,NA,NA,NA,bystander,NA,1,0,89.3,13.9,27.9,4,-0.02,0.79,-7.06,0.08,0.13,0.066,0.004,0.007,3,WT-like,WT-like,0,NA,NA,NA,NA,NA,NA,NA,NA,NA,NA,NA,NA,NA,
Gs,T384A,384,C-term,C-term,0,0,0,NA,NA,0,other,NA,NA,NA,NA,NA,bystander,NA,1,0,89.1,21.9,43.8,4,0.00,0.83,-7.04,0.27,0.46,0.069,0.004,0.006,3,WT-like,WT-like,0,NA,NA,NA,NA,NA,NA,NA,NA,NA,NA,NA,NA,NA,
Gs,E385A,385,C-term,C-term,0,0,0,NA,NA,0,other,NA,NA,NA,NA,NA,bystander,NA,1,0,68.8,22.3,44.5,4,0.15,0.79,-6.89,0.17,0.30,0.065,0.001,0.001,3,WT-like,WT-like,0,NA,NA,NA,NA,NA,NA,NA,NA,NA,NA,NA,NA,NA,
Gs,D386A,386,C-term,C-term,0,0,0,NA,NA,0,other,NA,NA,NA,NA,NA,bystander,NA,1,0,82.1,13.8,27.6,4,0.09,1.01,-6.95,0.18,0.31,0.077,0.005,0.009,3,WT-like,WT-like,0,NA,NA,NA,NA,NA,NA,NA,NA,NA,NA,NA,NA,NA,
Gs,F387A,387,C-term,C-term,0,0,0,NA,NA,0,other,NA,NA,NA,NA,NA,bystander,NA,1,0,87.1,12.9,25.9,4,-0.20,0.94,-7.24,0.12,0.20,0.073,0.008,0.014,3,WT-like,WT-like,0,NA,NA,NA,NA,NA,NA,NA,NA,NA,NA,NA,NA,NA,
Gs,V388A,388,C-term,C-term,0,0,0,NA,NA,0,other,NA,NA,NA,NA,NA,bystander,NA,1,0,77.8,13.7,27.5,4,-0.17,1.02,-7.21,0.06,0.10,0.078,0.007,0.012,3,WT-like,WT-like,0,NA,NA,NA,NA,NA,NA,NA,NA,NA,NA,NA,NA,NA,
Gs,G389A,389,C-term,C-term,0,0,0,NA,NA,0,other,NA,NA,NA,NA,NA,bystander,NA,1,0,76.2,10.6,18.3,3,0.17,1.01,-6.87,0.19,0.33,0.078,0.009,0.015,3,WT-like,WT-like,0,NA,NA,NA,NA,NA,NA,NA,NA,NA,NA,NA,NA,NA,
Gs,H390A,390,C-term,C-term,0,0,0,NA,NA,0,other,NA,NA,NA,NA,NA,bystander,NA,1,0,60,18.0,31.2,3,-0.03,1.04,-7.07,0.15,0.27,0.080,0.008,0.014,3,WT-like,WT-like,0,NA,NA,NA,NA,NA,NA,NA,NA,NA,NA,NA,NA,NA,
Gs,Q391A,391,C-term,C-term,0,0,0,NA,NA,0,other,NA,NA,NA,NA,NA,bystander,NA,1,0,70.1,21.1,42.3,4,0.07,0.94,-6.97,0.03,0.06,0.073,0.008,0.014,3,WT-like,WT-like,0,NA,NA,NA,NA,NA,NA,NA,NA,NA,NA,NA,NA,NA,
Gs,G392A,392,C-term,C-term,0,0,0,NA,NA,0,other,NA,NA,NA,NA,NA,bystander,NA,1,0,49.9,17.9,31.1,3,-0.13,0.93,-7.17,0.20,0.35,0.072,0.009,0.016,3,WT-like,WT-like,0,NA,NA,NA,NA,NA,NA,NA,NA,NA,NA,NA,NA,NA,
Gs,T393A,393,C-term,C-term,0,0,0,NA,NA,0,other,NA,NA,NA,NA,NA,bystander,NA,1,0,86.6,7.5,12.9,3,0.02,0.91,-7.02,0.13,0.23,0.070,0.006,0.011,3,WT-like,WT-like,0,NA,NA,NA,NA,NA,NA,NA,NA,NA,NA,NA,NA,NA,
Gs,V394A,394,C-term,C-term,0,0,0,NA,NA,0,other,NA,NA,NA,NA,NA,bystander,NA,1,0,97.7,16.7,33.3,4,-0.03,0.89,-7.07,0.11,0.18,0.068,0.004,0.007,3,WT-like,WT-like,0,NA,NA,NA,NA,NA,NA,NA,NA,NA,NA,NA,NA,NA,
Gs,P395A,395,C-term,C-term,0,0,0,NA,NA,0,other,NA,NA,NA,NA,NA,bystander,NA,1,0,96.2,14.6,29.3,4,0.16,0.83,-6.88,0.09,0.15,0.063,0.002,0.004,3,WT-like,WT-like,0,NA,NA,NA,NA,NA,NA,NA,NA,NA,NA,NA,NA,NA,
Gs,S396A,396,C-term,C-term,0,0,0,NA,NA,0,other,NA,NA,NA,NA,NA,bystander,NA,1,0,87.5,12.6,21.8,3,0.10,0.87,-6.94,0.12,0.22,0.067,0.004,0.007,3,WT-like,WT-like,0,NA,NA,NA,NA,NA,NA,NA,NA,NA,NA,NA,NA,NA,
Gs,D397A,397,C-term,C-term,0,0,0,NA,NA,0,other,NA,NA,NA,NA,NA,bystander,NA,1,0,77.4,15.4,26.7,3,0.21,0.87,-6.83,0.19,0.32,0.066,0.006,0.010,3,WT-like,WT-like,0,NA,NA,NA,NA,NA,NA,NA,NA,NA,NA,NA,NA,NA,
Gs,N398A,398,C-term,C-term,0,0,0,NA,NA,0,other,NA,NA,NA,NA,NA,bystander,NA,1,0,81.3,24.6,49.1,4,0.32,0.90,-6.72,0.04,0.08,0.068,0.003,0.004,3,WT-like,WT-like,0,NA,NA,NA,NA,NA,NA,NA,NA,NA,NA,NA,NA,NA,
Gs,I399A,399,C-term,C-term,0,0,0,NA,NA,0,other,NA,NA,NA,NA,NA,bystander,NA,1,0,82.4,25.1,50.2,4,0.28,0.85,-6.76,0.12,0.21,0.065,0.005,0.008,3,WT-like,WT-like,0,NA,NA,NA,NA,NA,NA,NA,NA,NA,NA,NA,NA,NA,
Gs,D400A,400,C-term,C-term,0,0,0,NA,NA,0,other,NA,NA,NA,NA,NA,bystander,NA,1,0,66,11.3,19.6,3,-0.02,0.90,-7.06,0.28,0.49,0.069,0.006,0.011,3,WT-like,WT-like,0,NA,NA,NA,NA,NA,NA,NA,NA,NA,NA,NA,NA,NA,
Gs,S401A,401,C-term,C-term,0,0,0,NA,NA,0,other,NA,NA,NA,NA,NA,bystander,NA,1,0,93.2,6.9,12.0,3,0.13,0.92,-6.91,0.20,0.34,0.070,0.006,0.011,3,WT-like,WT-like,0,NA,NA,NA,NA,NA,NA,NA,NA,NA,NA,NA,NA,NA,
Gs,Q402A,402,C-term,C-term,0,0,0,NA,NA,0,other,NA,NA,NA,NA,NA,bystander,NA,1,0,91.6,16.6,33.1,4,0.02,1.09,-7.02,0.16,0.28,0.078,0.012,0.021,3,WT-like,WT-like,0,NA,NA,NA,NA,NA,NA,NA,NA,NA,NA,NA,NA,NA,
Gs,G403A,403,C-term,C-term,0,0,0,NA,NA,0,other,NA,NA,NA,NA,NA,bystander,NA,1,0,93.3,14.6,29.2,4,0.27,1.05,-6.77,0.07,0.13,0.075,0.009,0.015,3,WT-like,WT-like,0,NA,NA,NA,NA,NA,NA,NA,NA,NA,NA,NA,NA,NA,
Gs,R404A,404,C-term,C-term,0,0,0,NA,NA,0,other,NA,NA,NA,NA,NA,bystander,NA,1,0,85.3,20.0,39.9,4,-0.25,1.15,-7.29,0.27,0.46,0.082,0.010,0.017,3,WT-like,WT-like,0,NA,NA,NA,NA,NA,NA,NA,NA,NA,NA,NA,NA,NA,
Gs,N405A,405,C-term,C-term,0,0,0,NA,NA,0,other,NA,NA,NA,NA,NA,bystander,NA,1,0,78.1,18.4,36.8,4,-0.03,1.07,-7.07,0.05,0.09,0.076,0.008,0.013,3,WT-like,WT-like,0,NA,NA,NA,NA,NA,NA,NA,NA,NA,NA,NA,NA,NA,
Gs,C406A,406,C-term,C-term,0,0,0,NA,NA,0,other,NA,NA,NA,NA,NA,bystander,NA,1,0,83.4,15.0,30.0,4,-0.01,1.03,-7.05,0.12,0.20,0.073,0.009,0.016,3,WT-like,WT-like,0,NA,NA,NA,NA,NA,NA,NA,NA,NA,NA,NA,NA,NA,
Gs,S407A,407,C-term,C-term,0,0,0,NA,NA,0,other,NA,NA,NA,NA,NA,bystander,NA,1,0,74,7.4,12.8,3,0.16,1.10,-6.88,0.07,0.10,0.072,0.005,0.007,2,WT-like,WT-like,0,NA,NA,NA,NA,NA,NA,NA,NA,NA,NA,NA,NA,NA,
Gs,T408A,408,C-term,C-term,0,0,0,NA,NA,0,other,NA,NA,NA,NA,NA,bystander,NA,1,0,60.9,8.2,14.2,3,0.36,1.16,-6.68,0.07,0.10,0.076,0.006,0.009,2,WT-like,WT-like,0,NA,NA,NA,NA,NA,NA,NA,NA,NA,NA,NA,NA,NA,
Gs,N409A,409,C-term,C-term,0,0,0,NA,NA,0,other,NA,NA,NA,NA,NA,bystander,NA,1,0,92.3,9.8,17.0,3,0.12,1.08,-6.92,0.21,0.29,0.070,0.003,0.004,2,WT-like,WT-like,0,NA,NA,NA,NA,NA,NA,NA,NA,NA,NA,NA,NA,NA,
Gs,D410A,410,C-term,C-term,0,0,0,NA,NA,0,other,NA,NA,NA,NA,NA,bystander,NA,1,0,83.6,12.3,24.6,4,0.05,1.02,-6.99,0.14,0.25,0.072,0.008,0.014,3,WT-like,WT-like,0,NA,NA,NA,NA,NA,NA,NA,NA,NA,NA,NA,NA,NA,
Gs,S411A,411,C-term,C-term,0,0,0,NA,NA,0,other,NA,NA,NA,NA,NA,bystander,NA,1,0,92.1,15.7,31.4,4,-0.07,1.02,-7.11,0.12,0.21,0.073,0.007,0.013,3,WT-like,WT-like,0,NA,NA,NA,NA,NA,NA,NA,NA,NA,NA,NA,NA,NA,
Gs,L412A,412,C-term,C-term,0,0,0,NA,NA,0,other,NA,NA,NA,NA,NA,bystander,NA,1,0,94.4,17.5,35.1,4,0.08,0.94,-6.96,0.16,0.28,0.066,0.005,0.009,3,WT-like,WT-like,0,NA,NA,NA,NA,NA,NA,NA,NA,NA,NA,NA,NA,NA,
Gs,L413A,413,C-term,C-term,0,0,0,NA,NA,0,other,NA,NA,NA,NA,NA,bystander,NA,1,0,79.9,17.6,35.3,4,0.12,1.02,-6.92,0.25,0.43,0.073,0.010,0.017,3,WT-like,WT-like,0,NA,NA,NA,NA,NA,NA,NA,NA,NA,NA,NA,NA,NA,
Gs,wt,,,,,,,,,,,,,,,,,,,,100,,,,0.00,1.00,-7.04,0.04,0.31,0.077,0.001,0.010,57,,,,,,,,,,,,,,,,,