residue_number,amino_acid,pLDDT
1,M,17.15
2,E,20.54
3,V,23.15
4,Q,22.35
5,L,22.67
6,G,26.21
7,L,25.57
8,G,27.3
9,R,24.47
10,V,25.72
11,Y,27.07
12,P,28.21
13,R,29.66
14,P,30.61
15,P,29.16
16,S,28.62
17,K,28.93
18,T,29.98
19,Y,28.58
20,R,29.22
21,G,35.31
22,A,35.58
23,F,24.68
24,Q,33.87
25,N,36.55
26,L,31.72
27,F,26.06
28,Q,34.52
29,S,37.93
30,V,29.24
31,R,28.84
32,E,29.53
33,V,27.61
34,I,27.47
35,Q,28.56
36,N,29.18
37,P,29.84
38,G,30.46
39,P,25.16
40,R,25.87
41,H,26.03
42,P,24.99
43,E,28.03
44,A,27.17
45,A,28.16
46,S,27.05
47,A,28.09
48,A,31.67
49,P,30.82
50,P,30.67
51,G,33.72
52,A,33.81
53,S,33.06
54,L,31.27
55,L,33.09
56,L,34.49
57,L,37.9
58,Q,42.57
59,Q,41.42
60,Q,41.62
61,Q,43.02
62,Q,45.44
63,Q,45.22
64,Q,44.63
65,Q,46.64
66,Q,48.4
67,Q,47.3
68,Q,47.84
69,Q,50.3
70,Q,49.3
71,Q,48.84
72,Q,49.2
73,Q,50.12
74,Q,48.4
75,Q,47.44
76,Q,48.74
77,Q,47.82
78,Q,44.34
79,Q,42.11
80,Q,42.56
81,E,42.15
82,T,39.78
83,S,37.55
84,P,30.07
85,R,27.66
86,Q,26.83
87,Q,28.62
88,Q,27.91
89,Q,29.52
90,Q,29.43
91,Q,28.94
92,G,27.9
93,E,29.04
94,D,29.12
95,G,29.76
96,S,28.52
97,P,25.99
98,Q,26.13
99,A,27.93
100,H,28.78
101,R,26.53
102,R,27.39
103,G,29.5
104,P,28.19
105,T,27.08
106,G,28.73
107,Y,26.95
108,L,21.76
109,V,26.09
110,L,24.29
111,D,25.64
112,E,25.37
113,E,25.02
114,Q,26.07
115,Q,26.95
116,P,27.68
117,S,27.63
118,Q,23.8
119,P,27.02
120,Q,26.43
121,S,26.46
122,A,25.59
123,L,24.25
124,E,27.38
125,C,24.07
126,H,28.37
127,P,24.95
128,E,27.26
129,R,26.16
130,G,27.7
131,C,25.27
132,V,26.27
133,P,25.11
134,E,27.36
135,P,26.39
136,G,28.41
137,A,27.13
138,A,25.73
139,V,27.04
140,A,27.09
141,A,28.58
142,S,27.06
143,K,25.49
144,G,28.96
145,L,25.84
146,P,25.79
147,Q,25.05
148,Q,27.21
149,L,28.08
150,P,29.47
151,A,29.78
152,P,28.71
153,P,26.74
154,D,28.13
155,E,28.15
156,D,29.07
157,D,28.98
158,S,27.39
159,A,27.35
160,A,27.37
161,P,25.86
162,S,24.71
163,T,24.35
164,L,22.95
165,S,23.77
166,L,19.87
167,L,22.34
168,G,26.66
169,P,24.16
170,T,22.93
171,F,22.46
172,P,24.52
173,G,24.61
174,L,24.69
175,S,25.16
176,S,23.72
177,C,25.16
178,S,27.68
179,A,28.66
180,D,29.46
181,L,28.72
182,K,30.99
183,D,30.47
184,I,31.74
185,L,31.02
186,S,32.62
187,E,30.67
188,A,31.62
189,S,32.13
190,T,30.5
191,M,33.23
192,Q,30.38
193,L,27.71
194,L,28.73
195,Q,30.89
196,Q,30.61
197,Q,29.71
198,Q,29.8
199,Q,30.15
200,E,28.4
201,A,28.46
202,V,30.27
203,S,25.97
204,E,28.12
205,G,27.69
206,S,25.72
207,S,24.61
208,S,25.98
209,G,26.53
210,R,25.34
211,A,24.57
212,R,22.29
213,E,26.24
214,A,27.7
215,S,25.53
216,G,25.11
217,A,25.93
218,P,24.43
219,T,25.14
220,S,22.85
221,S,22.54
222,K,23.15
223,D,24.65
224,N,24.18
225,Y,22.92
226,L,25.04
227,G,28.36
228,G,30.61
229,T,30.34
230,S,29.82
231,T,36.95
232,I,36.25
233,S,41.25
234,D,49.11
235,N,48.58
236,A,43.47
237,K,45.79
238,E,52.11
239,L,45.57
240,C,46.65
241,K,51.38
242,A,54.21
243,V,47.56
244,S,48.04
245,V,54.17
246,S,47.44
247,M,43.76
248,G,47.21
249,L,40.98
250,G,36.54
251,V,32.79
252,E,31.35
253,A,29.44
254,L,30.36
255,E,30.63
256,H,28.77
257,L,29.82
258,S,28.54
259,P,28.61
260,G,29.08
261,E,26.25
262,Q,24.87
263,L,22.65
264,R,23.79
265,G,26.96
266,D,25.31
267,C,21.43
268,M,23.66
269,Y,22.81
270,A,25.64
271,P,23.49
272,L,20.89
273,L,22.52
274,G,26.3
275,V,25.35
276,P,27.34
277,P,27.27
278,A,26.43
279,V,26.96
280,R,25.74
281,P,27.02
282,T,28.94
283,P,25.9
284,C,25.5
285,A,26.22
286,P,24.69
287,L,22.59
288,A,25.1
289,E,26.29
290,C,22.38
291,K,24.41
292,G,27.02
293,S,25.5
294,L,20.19
295,L,22.73
296,D,27.01
297,D,27.09
298,S,26.97
299,A,27.74
300,G,27.47
301,K,26.67
302,S,24.25
303,T,27.3
304,E,28.87
305,D,27.41
306,T,28.48
307,A,26.44
308,E,27.95
309,Y,28.99
310,S,29.41
311,P,26.22
312,F,26.33
313,K,26.62
314,G,30.72
315,G,29.81
316,Y,24.22
317,T,27.77
318,K,26.79
319,G,28.69
320,L,22.75
321,E,27.39
322,G,28.89
323,E,28.28
324,S,26.25
325,L,24.74
326,G,29.23
327,C,23.58
328,S,26.78
329,G,28.43
330,S,27.13
331,A,25.28
332,A,26.72
333,A,27.33
334,G,29.26
335,S,27.53
336,S,27.07
337,G,27.81
338,T,27.18
339,L,20.59
340,E,26.21
341,L,23.02
342,P,28.09
343,S,26.84
344,T,24.75
345,L,22.47
346,S,25.36
347,L,20.55
348,Y,23.65
349,K,26.01
350,S,28.74
351,G,28.14
352,A,26.07
353,L,22.26
354,D,26.32
355,E,27.14
356,A,28.47
357,A,27.51
358,A,25.87
359,Y,24.55
360,Q,26.06
361,S,25.02
362,R,25.48
363,D,24.9
364,Y,24.53
365,Y,26.21
366,N,24.47
367,F,24.22
368,P,24.86
369,L,21.56
370,A,25.1
371,L,21.4
372,A,27.33
373,G,28.45
374,P,28.25
375,P,29.8
376,P,29.74
377,P,29.83
378,P,30.52
379,P,31.41
380,P,28.3
381,P,28.42
382,H,27.94
383,P,26.54
384,H,27.04
385,A,26.67
386,R,23.31
387,I,26.38
388,K,24.96
389,L,24.41
390,E,26.89
391,N,26.53
392,P,27.11
393,L,22.95
394,D,25.51
395,Y,26.74
396,G,29.75
397,S,26.62
398,A,26.15
399,W,28.03
400,A,25.3
401,A,27.53
402,A,27.11
403,A,25.54
404,A,25.49
405,Q,22.93
406,C,20.99
407,R,22.65
408,Y,22.28
409,G,26.74
410,D,24.81
411,L,21.25
412,A,24.76
413,S,22.55
414,L,20.9
415,H,25.09
416,G,25.7
417,A,25.31
418,G,26.18
419,A,25.41
420,A,26.6
421,G,27.06
422,P,27.26
423,G,25.57
424,S,24.21
425,G,25.23
426,S,25.94
427,P,27.24
428,S,25.48
429,A,27.36
430,A,30.62
431,A,33.07
432,S,33.73
433,S,38.51
434,S,45.85
435,W,52.7
436,H,46.66
437,T,51.6
438,L,52.94
439,F,55.87
440,T,49.71
441,A,42.61
442,E,33.84
443,E,31.07
444,G,29.5
445,Q,25.2
446,L,23.45
447,Y,24.74
448,G,27.45
449,P,23.09
450,C,22.14
451,G,23.91
452,G,25.59
453,G,26.56
454,G,27.06
455,G,28.58
456,G,29.07
457,G,30.26
458,G,30.16
459,G,30.76
460,G,30.65
461,G,31.19
462,G,31.49
463,G,32.07
464,G,31.68
465,G,32.26
466,G,31.37
467,G,31.66
468,G,31.15
469,G,30.85
470,G,29.37
471,G,28.76
472,G,28.57
473,G,27.67
474,E,26.57
475,A,25.58
476,G,29.89
477,A,25.25
478,V,26.12
479,A,27.26
480,P,26.16
481,Y,24.15
482,G,30.05
483,Y,25.44
484,T,26.8
485,R,24.72
486,P,29.01
487,P,26.53
488,Q,25.31
489,G,28.03
490,L,25.95
491,A,26.92
492,G,27.48
493,Q,25.27
494,E,27.07
495,S,27.14
496,D,29.27
497,F,26.41
498,T,29.9
499,A,29.55
500,P,28.5
501,D,27.66
502,V,26.27
503,W,32.08
504,Y,26.89
505,P,27.66
506,G,30.11
507,G,28.45
508,M,26.8
509,V,25.82
510,S,26.07
511,R,24.1
512,V,25.59
513,P,25.98
514,Y,25.1
515,P,25.47
516,S,24.48
517,P,23.7
518,T,22.58
519,C,20.14
520,V,23.46
521,K,22.62
522,S,24.19
523,E,22.97
524,M,28.15
525,G,27.75
526,P,25.42
527,W,27.04
528,M,28.14
529,D,26.23
530,S,25.23
531,Y,24.77
532,S,25.47
533,G,26.94
534,P,23.3
535,Y,24.36
536,G,26.31
537,D,24.15
538,M,25.64
539,R,23.25
540,L,25.12
541,E,25.72
542,T,24.73
543,A,24.74
544,R,24.11
545,D,24.93
546,H,26.17
547,V,30.68
548,L,35.78
549,P,37.23
550,I,43.17
551,D,41.31
552,Y,43.1
553,Y,46.05
554,F,48.43
555,P,41.4
556,P,42.71
557,Q,47.03
558,K,59.45
559,T,73.96
560,C,82.49
561,L,81.69
562,I,83.33
563,C,84.65
564,G,83.63
565,D,82.81
566,E,80.24
567,A,80.7
568,S,81.72
569,G,79.58
570,C,77.61
571,H,80.58
572,Y,81.46
573,G,79.25
574,A,76.57
575,L,79.63
576,T,84.07
577,C,85.33
578,G,87.3
579,S,87.67
580,C,86.83
581,K,86.86
582,V,87.35
583,F,87.93
584,F,87.79
585,K,85
586,R,84.17
587,A,84.9
588,A,82.84
589,E,82
590,G,77.08
591,K,64.38
592,Q,63.15
593,K,65.52
594,Y,68.6
595,L,68.41
596,C,67.47
597,A,61.12
598,S,61.05
599,R,60.82
600,N,68.23
601,D,69.48
602,C,70.93
603,T,76.27
604,I,78.21
605,D,80.38
606,K,78.03
607,F,75.84
608,R,65.22
609,R,78.57
610,K,76.93
611,N,74.33
612,C,77.48
613,P,81.63
614,S,81.98
615,C,81.4
616,R,85.36
617,L,85.18
618,R,83.51
619,K,82.28
620,C,84.77
621,Y,82
622,E,79.57
623,A,78.28
624,G,75.73
625,M,78.64
626,T,81.29
627,L,80.44
628,G,73.55
629,A,61.22
630,R,48.14
631,K,38.43
632,L,37.66
633,K,37.04
634,K,33.8
635,L,34.82
636,G,37.93
637,N,35.73
638,L,33.47
639,K,29.95
640,L,30.12
641,Q,29.59
642,E,25.54
643,E,27.59
644,G,27.67
645,E,27.26
646,A,28.03
647,S,26.1
648,S,23.82
649,T,25.67
650,T,25.29
651,S,26.77
652,P,23.5
653,T,24.18
654,E,25.06
655,E,25.26
656,T,25.79
657,T,25.4
658,Q,23.41
659,K,23.23
660,L,23.21
661,T,24.58
662,V,24.45
663,S,24.46
664,H,23.23
665,I,24.63
666,E,26.11
667,G,26.8
668,Y,27.31
669,E,37.53
670,C,42.85
671,Q,48.5
672,P,64.66
673,I,72.17
674,F,81.01
675,L,84.56
676,N,83.22
677,V,84.47
678,L,88.29
679,E,86.37
680,A,85.5
681,I,87.06
682,E,89.6
683,P,91.16
684,G,88.95
685,V,88.6
686,V,89.17
687,C,88.7
688,A,88.2
689,G,86.75
690,H,88.03
691,D,88.5
692,N,88
693,N,87.59
694,Q,87.01
695,P,87.83
696,D,89.12
697,S,90.83
698,F,92.07
699,A,92.79
700,A,93.05
701,L,93.51
702,L,93.74
703,S,93.26
704,S,93.41
705,L,94.45
706,N,94.76
707,E,92.53
708,L,93.36
709,G,93.33
710,E,90.33
711,R,88.36
712,Q,90.73
713,L,89.26
714,V,86.09
715,H,88.2
716,V,89.46
717,V,87.19
718,K,84.47
719,W,88.97
720,A,89.63
721,K,85.51
722,A,86.62
723,L,87.99
724,P,88.01
725,G,86.95
726,F,87.26
727,R,86.14
728,N,87.48
729,L,89.28
730,H,89.65
731,V,86.29
732,D,86.59
733,D,90.14
734,Q,88.99
735,M,87.47
736,A,90
737,V,92.28
738,I,90.66
739,Q,90.63
740,Y,93.44
741,S,94.48
742,W,93.08
743,M,94.54
744,G,95.54
745,L,96.28
746,M,95.77
747,V,96.02
748,F,96.5
749,A,96.59
750,M,95.82
751,G,95.61
752,W,96.1
753,R,94.88
754,S,94.73
755,F,94.14
756,T,93.78
757,N,92.11
758,V,90.79
759,N,90.19
760,S,90.71
761,R,91.19
762,M,91.56
763,L,93.88
764,Y,93.9
765,F,94.66
766,A,92.91
767,P,90.82
768,D,89.3
769,L,91.66
770,V,92.9
771,F,93.89
772,N,92.44
773,E,90.56
774,Y,91.27
775,R,92.06
776,M,92.24
777,H,91.39
778,K,91.93
779,S,92.42
780,R,90.99
781,M,90.67
782,Y,90.4
783,S,90.89
784,Q,92.45
785,C,93.77
786,V,92
787,R,92.97
788,M,94.48
789,R,94.33
790,H,92.95
791,L,94.2
792,S,95.02
793,Q,93.27
794,E,93.57
795,F,94.52
796,G,93.55
797,W,92.22
798,L,91.95
799,Q,92.31
800,I,93.14
801,T,93.64
802,P,93.15
803,Q,93.54
804,E,93.95
805,F,95.29
806,L,95.34
807,C,95.35
808,M,95.73
809,K,96.08
810,A,96.01
811,L,95.83
812,L,96.45
813,L,96.41
814,F,96.33
815,S,95.25
816,I,94.92
817,I,95.18
818,P,94.94
819,V,94.19
820,D,93.15
821,G,91.66
822,L,92.45
823,K,92.54
824,N,92.21
825,Q,93.17
826,K,93.15
827,F,92.87
828,F,92.84
829,D,93.31
830,E,92.65
831,L,92.65
832,R,92.63
833,M,91.89
834,N,90.83
835,Y,91.8
836,I,91.41
837,K,89.29
838,E,90.03
839,L,91.04
840,D,89.18
841,R,87.47
842,I,88.49
843,I,89.06
844,A,87.41
845,C,84.88
846,K,77.03
847,R,76.51
848,K,75.92
849,N,76.41
850,P,74.01
851,T,75.63
852,S,81.42
853,C,82.95
854,S,81.98
855,R,83.87
856,R,88.83
857,F,88.17
858,Y,87.62
859,Q,89.42
860,L,92.75
861,T,92.59
862,K,91.75
863,L,94.24
864,L,95.44
865,D,94.97
866,S,94.9
867,V,95.31
868,Q,95.69
869,P,94.76
870,I,94.93
871,A,95.58
872,R,95.15
873,E,94.18
874,L,94.48
875,H,94.81
876,Q,91.98
877,F,93.06
878,T,93.77
879,F,91.47
880,D,89.3
881,L,90.76
882,L,89.7
883,I,85.84
884,K,86.61
885,S,86.26
886,H,84.68
887,M,84.16
888,V,87.12
889,S,88.73
890,V,90.54
891,D,91.54
892,F,91.14
893,P,90.21
894,E,83.35
895,M,82.11
896,M,86.25
897,A,88.32
898,E,85.54
899,I,86.34
900,I,89
901,S,88.21
902,V,87.32
903,Q,88.22
904,V,90.69
905,P,89.73
906,K,89.93
907,I,92.46
908,L,90.93
909,S,90.22
910,G,91
911,K,91.81
912,V,93.56
913,K,93.8
914,P,94.88
915,I,94.5
916,Y,93.61
917,F,91.57
918,H,89.42
919,T,83.32
920,Q,78.42
