residue_number,clinical_status
2,clinical_variant
5,clinical_variant
7,clinical_variant
15,clinical_variant
20,clinical_variant
24,clinical_variant
39,clinical_variant
40,clinical_variant
42,clinical_variant
43,clinical_variant
54,clinical_variant
55,clinical_variant
57,clinical_variant
58,clinical_variant
59,clinical_variant
60,clinical_variant
64,clinical_variant
67,clinical_variant
70,clinical_variant
73,clinical_variant
76,clinical_variant
80,clinical_variant
81,clinical_variant
82,clinical_variant
84,clinical_variant
86,clinical_variant
87,clinical_variant
88,clinical_variant
90,clinical_variant
91,clinical_variant
93,clinical_variant
102,clinical_variant
104,clinical_variant
109,clinical_variant
114,clinical_variant
115,clinical_variant
120,clinical_variant
121,clinical_variant
127,clinical_variant
129,clinical_variant
131,clinical_variant
142,clinical_variant
143,clinical_variant
144,clinical_variant
155,clinical_variant
159,clinical_variant
168,clinical_variant
174,clinical_variant
178,clinical_variant
182,clinical_variant
194,clinical_variant
196,clinical_variant
200,clinical_variant
202,clinical_variant
204,clinical_variant
207,normal
210,clinical_variant
212,clinical_variant
213,clinical_variant
216,clinical_variant
217,clinical_variant
221,clinical_variant
223,clinical_variant
224,clinical_variant
225,clinical_variant
229,clinical_variant
233,clinical_variant
235,clinical_variant
241,clinical_variant
242,clinical_variant
244,clinical_variant
248,clinical_variant
253,clinical_variant
255,clinical_variant
263,clinical_variant
265,clinical_variant
266,clinical_variant
268,clinical_variant
271,clinical_variant
272,clinical_variant
289,clinical_variant
298,clinical_variant
299,clinical_variant
312,clinical_variant
336,clinical_variant
342,clinical_variant
348,clinical_variant
349,clinical_variant
355,clinical_variant
359,clinical_variant
362,clinical_variant
373,clinical_variant
380,clinical_variant
381,clinical_variant
392,clinical_variant
395,clinical_variant
405,clinical_variant
407,clinical_variant
411,clinical_variant
413,clinical_variant
416,clinical_variant
434,clinical_variant
435,clinical_variant
440,clinical_variant
442,clinical_variant
451,clinical_variant
453,clinical_variant
455,clinical_variant
456,clinical_variant
457,clinical_variant
463,clinical_variant
474,clinical_variant
475,clinical_variant
481,clinical_variant
485,clinical_variant
488,clinical_variant
489,clinical_variant
492,clinical_variant
498,clinical_variant
499,clinical_variant
500,clinical_variant
503,clinical_variant
507,clinical_variant
509,clinical_variant
512,clinical_variant
514,clinical_variant
515,clinical_variant
517,normal
525,clinical_variant
529,clinical_variant
531,clinical_variant
534,clinical_variant
535,clinical_variant
548,clinical_variant
549,clinical_variant
555,clinical_variant
559,clinical_variant
560,clinical_variant
563,clinical_variant
565,clinical_variant
569,clinical_variant
572,clinical_variant
574,clinical_variant
576,clinical_variant
577,clinical_variant
578,clinical_variant
579,clinical_variant
580,clinical_variant
581,clinical_variant
582,clinical_variant
583,clinical_variant
584,clinical_variant
586,clinical_variant
587,clinical_variant
588,clinical_variant
591,clinical_variant
594,clinical_variant
595,clinical_variant
597,clinical_variant
598,clinical_variant
600,clinical_variant
602,clinical_variant
603,clinical_variant
604,clinical_variant
605,clinical_variant
608,clinical_variant
609,clinical_variant
611,clinical_variant
612,clinical_variant
615,clinical_variant
616,clinical_variant
617,clinical_variant
618,clinical_variant
620,clinical_variant
630,clinical_variant
631,clinical_variant
637,clinical_variant
641,clinical_variant
646,clinical_variant
648,clinical_variant
650,clinical_variant
651,clinical_variant
654,clinical_variant
658,clinical_variant
665,clinical_variant
666,clinical_variant
671,clinical_variant
672,clinical_variant
673,clinical_variant
674,clinical_variant
678,clinical_variant
679,clinical_variant
681,clinical_variant
682,clinical_variant
683,clinical_variant
684,clinical_variant
685,clinical_variant
686,clinical_variant
687,clinical_variant
688,clinical_variant
689,clinical_variant
690,clinical_variant
691,clinical_variant
693,clinical_variant
694,clinical_variant
696,clinical_variant
698,clinical_variant
701,clinical_variant
702,clinical_variant
703,clinical_variant
704,clinical_variant
706,clinical_variant
708,clinical_variant
709,clinical_variant
710,clinical_variant
711,clinical_variant
712,clinical_variant
713,clinical_variant
716,clinical_variant
719,clinical_variant
721,clinical_variant
722,clinical_variant
723,clinical_variant
724,clinical_variant
725,clinical_variant
726,clinical_variant
727,clinical_variant
728,clinical_variant
729,clinical_variant
731,clinical_variant
733,clinical_variant
734,clinical_variant
738,clinical_variant
739,clinical_variant
740,clinical_variant
741,clinical_variant
742,clinical_variant
743,clinical_variant
744,clinical_variant
745,clinical_variant
746,clinical_variant
747,clinical_variant
748,clinical_variant
749,clinical_variant
750,clinical_variant
751,clinical_variant
752,clinical_variant
753,clinical_variant
755,clinical_variant
756,clinical_variant
757,clinical_variant
758,clinical_variant
759,clinical_variant
760,clinical_variant
761,clinical_variant
762,clinical_variant
763,clinical_variant
764,clinical_variant
765,clinical_variant
766,clinical_variant
767,clinical_variant
768,clinical_variant
769,clinical_variant
771,clinical_variant
772,clinical_variant
773,clinical_variant
775,clinical_variant
780,clinical_variant
781,clinical_variant
782,clinical_variant
783,clinical_variant
785,clinical_variant
786,clinical_variant
787,clinical_variant
788,clinical_variant
789,clinical_variant
791,clinical_variant
793,clinical_variant
794,clinical_variant
795,clinical_variant
796,clinical_variant
797,clinical_variant
799,clinical_variant
800,clinical_variant
801,clinical_variant
803,clinical_variant
804,clinical_variant
805,clinical_variant
807,clinical_variant
808,clinical_variant
809,clinical_variant
813,clinical_variant
815,clinical_variant
818,clinical_variant
820,clinical_variant
821,clinical_variant
822,clinical_variant
825,clinical_variant
827,clinical_variant
828,clinical_variant
830,clinical_variant
831,clinical_variant
832,clinical_variant
834,clinical_variant
835,clinical_variant
839,clinical_variant
841,clinical_variant
842,clinical_variant
843,clinical_variant
844,clinical_variant
847,clinical_variant
849,clinical_variant
854,clinical_variant
855,clinical_variant
856,clinical_variant
857,clinical_variant
858,clinical_variant
860,clinical_variant
861,clinical_variant
864,clinical_variant
865,clinical_variant
866,clinical_variant
867,clinical_variant
868,clinical_variant
869,clinical_variant
870,clinical_variant
871,clinical_variant
872,clinical_variant
873,clinical_variant
875,clinical_variant
878,clinical_variant
880,clinical_variant
882,clinical_variant
884,clinical_variant
885,clinical_variant
887,clinical_variant
889,clinical_variant
890,clinical_variant
891,clinical_variant
893,clinical_variant
895,clinical_variant
896,clinical_variant
897,clinical_variant
898,clinical_variant
899,clinical_variant
903,clinical_variant
904,clinical_variant
905,clinical_variant
906,clinical_variant
908,clinical_variant
910,clinical_variant
911,clinical_variant
912,clinical_variant
914,clinical_variant
916,clinical_variant
917,clinical_variant
918,clinical_variant
920,clinical_variant
