residue_number,coverage_fraction,present_in_any_structure
1,0,False
2,0,False
3,0,False
4,0,False
5,0,False
6,0,False
7,0,False
8,0,False
9,0,False
10,0,False
11,0,False
12,0,False
13,0,False
14,0,False
15,0,False
16,0,False
17,0,False
18,0,False
19,0,False
20,0,False
21,0,False
22,0,False
23,0,False
24,0,False
25,0,False
26,0,False
27,0,False
28,0,False
29,0,False
30,0,False
31,0,False
32,0,False
33,0,False
34,0,False
35,0,False
36,0,False
37,0,False
38,0,False
39,0,False
40,0,False
41,0,False
42,0,False
43,0,False
44,0,False
45,0,False
46,0,False
47,0,False
48,0,False
49,0,False
50,0,False
51,0,False
52,0,False
53,0,False
54,0,False
55,0,False
56,0,False
57,0,False
58,0,False
59,0,False
60,0,False
61,0,False
62,0,False
63,0,False
64,0,False
65,0,False
66,0,False
67,0,False
68,0,False
69,0,False
70,0,False
71,0,False
72,0,False
73,0,False
74,0,False
75,0,False
76,0,False
77,0,False
78,0,False
79,0,False
80,0,False
81,0,False
82,0,False
83,0,False
84,0,False
85,0,False
86,0,False
87,0,False
88,0,False
89,0,False
90,0,False
91,0,False
92,0,False
93,0,False
94,0,False
95,0,False
96,0,False
97,0,False
98,0,False
99,0,False
100,0,False
101,0,False
102,0,False
103,0,False
104,0,False
105,0,False
106,0,False
107,0,False
108,0,False
109,0,False
110,0,False
111,0,False
112,0,False
113,0,False
114,0,False
115,0,False
116,0,False
117,0,False
118,0,False
119,0,False
120,0,False
121,0,False
122,0,False
123,0,False
124,0,False
125,0,False
126,0,False
127,0,False
128,0,False
129,0,False
130,0,False
131,0,False
132,0,False
133,0,False
134,0,False
135,0,False
136,0,False
137,0,False
138,0,False
139,0,False
140,0,False
141,0,False
142,0,False
143,0,False
144,0,False
145,0,False
146,0,False
147,0,False
148,0,False
149,0,False
150,0,False
151,0,False
152,0,False
153,0,False
154,0,False
155,0,False
156,0,False
157,0,False
158,0,False
159,0,False
160,0,False
161,0,False
162,0,False
163,0,False
164,0,False
165,0,False
166,0,False
167,0,False
168,0,False
169,0,False
170,0,False
171,0,False
172,0,False
173,0,False
174,0,False
175,0,False
176,0,False
177,0,False
178,0,False
179,0,False
180,0,False
181,0,False
182,0,False
183,0,False
184,0,False
185,0,False
186,0,False
187,0,False
188,0,False
189,0,False
190,0,False
191,0,False
192,0,False
193,0,False
194,0,False
195,0,False
196,0,False
197,0,False
198,0,False
199,0,False
200,0,False
201,0,False
202,0,False
203,0,False
204,0,False
205,0,False
206,0,False
207,0,False
208,0,False
209,0,False
210,0,False
211,0,False
212,0,False
213,0,False
214,0,False
215,0,False
216,0,False
217,0,False
218,0,False
219,0,False
220,0,False
221,0,False
222,0,False
223,0,False
224,0,False
225,0,False
226,0,False
227,0,False
228,0,False
229,0,False
230,0,False
231,0,False
232,0,False
233,0,False
234,0,False
235,0,False
236,0,False
237,0,False
238,0,False
239,0,False
240,0,False
241,0,False
242,0,False
243,0,False
244,0,False
245,0,False
246,0,False
247,0,False
248,0,False
249,0,False
250,0,False
251,0,False
252,0,False
253,0,False
254,0,False
255,0,False
256,0,False
257,0,False
258,0,False
259,0,False
260,0,False
261,0,False
262,0,False
263,0,False
264,0,False
265,0,False
266,0,False
267,0,False
268,0,False
269,0,False
270,0,False
271,0,False
272,0,False
273,0,False
274,0,False
275,0,False
276,0,False
277,0,False
278,0,False
279,0,False
280,0,False
281,0,False
282,0,False
283,0,False
284,0,False
285,0,False
286,0,False
287,0,False
288,0,False
289,0,False
290,0,False
291,0,False
292,0,False
293,0,False
294,0,False
295,0,False
296,0,False
297,0,False
298,0,False
299,0,False
300,0,False
301,0,False
302,0,False
303,0,False
304,0,False
305,0,False
306,0,False
307,0,False
308,0,False
309,0,False
310,0,False
311,0,False
312,0,False
313,0,False
314,0,False
315,0,False
316,0,False
317,0,False
318,0,False
319,0,False
320,0,False
321,0,False
322,0,False
323,0,False
324,0,False
325,0,False
326,0,False
327,0,False
328,0,False
329,0,False
330,0,False
331,0,False
332,0,False
333,0,False
334,0,False
335,0,False
336,0,False
337,0,False
338,0,False
339,0,False
340,0,False
341,0,False
342,0,False
343,0,False
344,0,False
345,0,False
346,0,False
347,0,False
348,0,False
349,0,False
350,0,False
351,0,False
352,0,False
353,0,False
354,0,False
355,0,False
356,0,False
357,0,False
358,0,False
359,0,False
360,0,False
361,0,False
362,0,False
363,0,False
364,0,False
365,0,False
366,0,False
367,0,False
368,0,False
369,0,False
370,0,False
371,0,False
372,0,False
373,0,False
374,0,False
375,0,False
376,0,False
377,0,False
378,0,False
379,0,False
380,0,False
381,0,False
382,0,False
383,0,False
384,0,False
385,0,False
386,0,False
387,0,False
388,0,False
389,0,False
390,0,False
391,0,False
392,0,False
393,0,False
394,0,False
395,0,False
396,0,False
397,0,False
398,0,False
399,0,False
400,0,False
401,0,False
402,0,False
403,0,False
404,0,False
405,0,False
406,0,False
407,0,False
408,0,False
409,0,False
410,0,False
411,0,False
412,0,False
413,0,False
414,0,False
415,0,False
416,0,False
417,0,False
418,0,False
419,0,False
420,0,False
421,0,False
422,0,False
423,0,False
424,0,False
425,0,False
426,0,False
427,0,False
428,0,False
429,0,False
430,0,False
431,0,False
432,0,False
433,0,False
434,0,False
435,0,False
436,0,False
437,0,False
438,0,False
439,0,False
440,0,False
441,0,False
442,0,False
443,0,False
444,0,False
445,0,False
446,0,False
447,0,False
448,0,False
449,0,False
450,0,False
451,0,False
452,0,False
453,0,False
454,0,False
455,0,False
456,0,False
457,0,False
458,0,False
459,0,False
460,0,False
461,0,False
462,0,False
463,0,False
464,0,False
465,0,False
466,0,False
467,0,False
468,0,False
469,0,False
470,0,False
471,0,False
472,0,False
473,0,False
474,0,False
475,0,False
476,0,False
477,0,False
478,0,False
479,0,False
480,0,False
481,0,False
482,0,False
483,0,False
484,0,False
485,0,False
486,0,False
487,0,False
488,0,False
489,0,False
490,0,False
491,0,False
492,0,False
493,0,False
494,0,False
495,0,False
496,0,False
497,0,False
498,0,False
499,0,False
500,0,False
501,0,False
502,0,False
503,0,False
504,0,False
505,0,False
506,0,False
507,0,False
508,0,False
509,0,False
510,0,False
511,0,False
512,0,False
513,0,False
514,0,False
515,0,False
516,0,False
517,0,False
518,0,False
519,0,False
520,0,False
521,0,False
522,0,False
523,0,False
524,0,False
525,0,False
526,0,False
527,0,False
528,0,False
529,0,False
530,0,False
531,0,False
532,0,False
533,0,False
534,0,False
535,0,False
536,0,False
537,0,False
538,0,False
539,0,False
540,0,False
541,0,False
542,0,False
543,0,False
544,0,False
545,0,False
546,0,False
547,0,False
548,0,False
549,0,False
550,0,False
551,0,False
552,0,False
553,0,False
554,0,False
555,0,False
556,0,False
557,0,False
558,0,False
559,0,False
560,0,False
561,0,False
562,0,False
563,0,False
564,0,False
565,0,False
566,0,False
567,0,False
568,0,False
569,0,False
570,0,False
571,0,False
572,0,False
573,0,False
574,0,False
575,0,False
576,0,False
577,0,False
578,0,False
579,0,False
580,0,False
581,0,False
582,0,False
583,0,False
584,0,False
585,0,False
586,0,False
587,0,False
588,0,False
589,0,False
590,0,False
591,0,False
592,0,False
593,0,False
594,0,False
595,0,False
596,0,False
597,0,False
598,0,False
599,0,False
600,0,False
601,0,False
602,0,False
603,0,False
604,0,False
605,0,False
606,0,False
607,0,False
608,0,False
609,0,False
610,0,False
611,0,False
612,0,False
613,0,False
614,0,False
615,0,False
616,0,False
617,0,False
618,0,False
619,0,False
620,0,False
621,0,False
622,0,False
623,0,False
624,0,False
625,0,False
626,0,False
627,0,False
628,0,False
629,0,False
630,0,False
631,0,False
632,0,False
633,0,False
634,0,False
635,0,False
636,0,False
637,0,False
638,0,False
639,0,False
640,0.00943396226415,True
641,0.00943396226415,True
642,0.00943396226415,True
643,0.00943396226415,True
644,0.0188679245283,True
645,0.0188679245283,True
646,0.0188679245283,True
647,0.0188679245283,True
648,0.0188679245283,True
649,0.0188679245283,True
650,0.0188679245283,True
651,0.0188679245283,True
652,0.0943396226415,True
653,0.0943396226415,True
654,0.0943396226415,True
655,0.141509433962,True
656,0.141509433962,True
657,0.141509433962,True
658,0.150943396226,True
659,0.150943396226,True
660,0.150943396226,True
661,0.207547169811,True
662,0.216981132075,True
663,0.283018867925,True
664,0.330188679245,True
665,0.424528301887,True
666,0.424528301887,True
667,0.424528301887,True
668,0.424528301887,True
669,0.433962264151,True
670,0.584905660377,True
671,0.801886792453,True
672,0.990566037736,True
673,1,True
674,1,True
675,1,True
676,1,True
677,1,True
678,1,True
679,1,True
680,1,True
681,1,True
682,1,True
683,1,True
684,1,True
685,1,True
686,1,True
687,1,True
688,1,True
689,1,True
690,1,True
691,1,True
692,1,True
693,1,True
694,1,True
695,1,True
696,1,True
697,1,True
698,1,True
699,1,True
700,1,True
701,1,True
702,1,True
703,1,True
704,1,True
705,1,True
706,1,True
707,1,True
708,1,True
709,1,True
710,1,True
711,1,True
712,1,True
713,1,True
714,1,True
715,1,True
716,1,True
717,1,True
718,1,True
719,1,True
720,1,True
721,1,True
722,1,True
723,1,True
724,1,True
725,1,True
726,1,True
727,1,True
728,1,True
729,1,True
730,1,True
731,1,True
732,1,True
733,1,True
734,1,True
735,1,True
736,1,True
737,1,True
738,1,True
739,1,True
740,1,True
741,1,True
742,1,True
743,1,True
744,1,True
745,1,True
746,1,True
747,1,True
748,1,True
749,1,True
750,1,True
751,1,True
752,1,True
753,1,True
754,1,True
755,1,True
756,1,True
757,1,True
758,1,True
759,1,True
760,1,True
761,1,True
762,1,True
763,1,True
764,1,True
765,1,True
766,1,True
767,1,True
768,1,True
769,1,True
770,1,True
771,1,True
772,1,True
773,1,True
774,1,True
775,1,True
776,1,True
777,1,True
778,1,True
779,1,True
780,1,True
781,1,True
782,1,True
783,1,True
784,1,True
785,1,True
786,1,True
787,1,True
788,1,True
789,1,True
790,1,True
791,1,True
792,1,True
793,1,True
794,1,True
795,1,True
796,1,True
797,1,True
798,1,True
799,1,True
800,1,True
801,1,True
802,1,True
803,1,True
804,1,True
805,1,True
806,1,True
807,1,True
808,1,True
809,1,True
810,1,True
811,1,True
812,1,True
813,1,True
814,1,True
815,1,True
816,1,True
817,1,True
818,1,True
819,1,True
820,1,True
821,1,True
822,1,True
823,1,True
824,1,True
825,1,True
826,1,True
827,1,True
828,1,True
829,1,True
830,1,True
831,1,True
832,1,True
833,1,True
834,1,True
835,1,True
836,1,True
837,1,True
838,1,True
839,1,True
840,1,True
841,1,True
842,1,True
843,1,True
844,1,True
845,1,True
846,1,True
847,1,True
848,1,True
849,1,True
850,1,True
851,1,True
852,1,True
853,1,True
854,1,True
855,1,True
856,1,True
857,1,True
858,1,True
859,1,True
860,1,True
861,1,True
862,1,True
863,1,True
864,1,True
865,1,True
866,1,True
867,1,True
868,1,True
869,1,True
870,1,True
871,1,True
872,1,True
873,1,True
874,1,True
875,1,True
876,1,True
877,1,True
878,1,True
879,1,True
880,1,True
881,1,True
882,1,True
883,1,True
884,1,True
885,1,True
886,1,True
887,1,True
888,1,True
889,1,True
890,1,True
891,1,True
892,1,True
893,1,True
894,1,True
895,1,True
896,1,True
897,1,True
898,1,True
899,1,True
900,1,True
901,1,True
902,1,True
903,1,True
904,1,True
905,1,True
906,1,True
907,1,True
908,1,True
909,1,True
910,1,True
911,1,True
912,1,True
913,1,True
914,1,True
915,1,True
916,1,True
917,1,True
918,1,True
919,0.962264150943,True
920,0.924528301887,True
