residue_number,attention_score,amino_acid,clinical_status,plot_color_class,above_attention_percentile_cutoff,in_DNA_binding_domain
1,0.0239422358572,M,unknown,gray,True,False
2,0.00234167999588,E,clinical_variant,purple,False,False
3,0.00185308931395,V,unknown,gray,False,False
4,0.00182660517748,Q,unknown,gray,False,False
5,0.00167003425304,L,clinical_variant,purple,False,False
6,0.00194391864352,G,unknown,gray,False,False
7,0.00158443127293,L,clinical_variant,purple,False,False
8,0.00175201310776,G,unknown,gray,False,False
9,0.00149784586392,R,unknown,gray,False,False
10,0.00157507928088,V,unknown,gray,False,False
11,0.00159986177459,Y,unknown,gray,False,False
12,0.00144276791252,P,unknown,gray,False,False
13,0.00158240320161,R,unknown,gray,False,False
14,0.0015565023059,P,unknown,gray,False,False
15,0.00156533461995,P,clinical_variant,purple,False,False
16,0.00156070385128,S,unknown,gray,False,False
17,0.0013326931512,K,unknown,gray,False,False
18,0.00144676538184,T,unknown,gray,False,False
19,0.00142549234442,Y,unknown,gray,False,False
20,0.00154525937978,R,clinical_variant,purple,False,False
21,0.00156510574743,G,unknown,gray,False,False
22,0.00131498719566,A,unknown,gray,False,False
23,0.00180145958439,F,unknown,gray,False,False
24,0.00128822145052,Q,clinical_variant,purple,False,False
25,0.00140256131999,N,unknown,gray,False,False
26,0.00148087809794,L,unknown,gray,False,False
27,0.0017018179642,F,unknown,gray,False,False
28,0.0013623079285,Q,unknown,gray,False,False
29,0.0014784905361,S,unknown,gray,False,False
30,0.00168683647644,V,unknown,gray,False,False
31,0.00134527764749,R,unknown,gray,False,False
32,0.00130446522962,E,unknown,gray,False,False
33,0.0012975478312,V,unknown,gray,False,False
34,0.00118825747631,I,unknown,gray,False,False
35,0.00116121501196,Q,unknown,gray,False,False
36,0.00117059459444,N,unknown,gray,False,False
37,0.00121426477563,P,unknown,gray,False,False
38,0.00118434778415,G,unknown,gray,False,False
39,0.000977419200353,P,clinical_variant,purple,False,False
40,0.00106816529296,R,clinical_variant,purple,False,False
41,0.00123329670168,H,unknown,gray,False,False
42,0.000959985773079,P,clinical_variant,purple,False,False
43,0.00103845540434,E,clinical_variant,purple,False,False
44,0.000841472297907,A,unknown,gray,False,False
45,0.000888694659807,A,unknown,gray,False,False
46,0.000956241157837,S,unknown,gray,False,False
47,0.000898194150068,A,unknown,gray,False,False
48,0.000854193931445,A,unknown,gray,False,False
49,0.000971600646153,P,unknown,gray,False,False
50,0.00100520357955,P,unknown,gray,False,False
51,0.00103771383874,G,unknown,gray,False,False
52,0.00090340571478,A,unknown,gray,False,False
53,0.000985747552477,S,unknown,gray,False,False
54,0.000905693799723,L,clinical_variant,purple,False,False
55,0.000852216850035,L,clinical_variant,purple,False,False
56,0.000778653018642,L,unknown,gray,False,False
57,0.000774524232838,L,clinical_variant,purple,False,False
58,0.000803629867733,Q,clinical_variant,purple,False,False
59,0.00074726017192,Q,clinical_variant,purple,False,False
60,0.000738421687856,Q,clinical_variant,purple,False,False
61,0.000773968175054,Q,unknown,gray,False,False
62,0.000747960642911,Q,unknown,gray,False,False
63,0.000741645635571,Q,unknown,gray,False,False
64,0.000764990400057,Q,clinical_variant,purple,False,False
65,0.000742178992368,Q,unknown,gray,False,False
66,0.000703572761267,Q,unknown,gray,False,False
67,0.000686176819727,Q,clinical_variant,purple,False,False
68,0.000731904583517,Q,unknown,gray,False,False
69,0.000701795564964,Q,unknown,gray,False,False
70,0.000705851707608,Q,clinical_variant,purple,False,False
71,0.000721821386833,Q,unknown,gray,False,False
72,0.000747386133298,Q,unknown,gray,False,False
73,0.000707935309038,Q,clinical_variant,purple,False,False
74,0.000695946568158,Q,unknown,gray,False,False
75,0.000720241805539,Q,unknown,gray,False,False
76,0.000700864417013,Q,clinical_variant,purple,False,False
77,0.000691533146892,Q,unknown,gray,False,False
78,0.000667213229463,Q,unknown,gray,False,False
79,0.000697907875292,Q,unknown,gray,False,False
80,0.000765489996411,Q,clinical_variant,purple,False,False
81,0.000790152465925,E,clinical_variant,purple,False,False
82,0.000763079326134,T,clinical_variant,purple,False,False
83,0.000845887756441,S,unknown,gray,False,False
84,0.000713774003088,P,clinical_variant,purple,False,False
85,0.000809148827102,R,unknown,gray,False,False
86,0.000718693248928,Q,clinical_variant,purple,False,False
87,0.000713589717634,Q,clinical_variant,purple,False,False
88,0.000739607959986,Q,clinical_variant,purple,False,False
89,0.000733008026145,Q,unknown,gray,False,False
90,0.00074141548248,Q,clinical_variant,purple,False,False
91,0.000820032961201,Q,clinical_variant,purple,False,False
92,0.000837873318233,G,unknown,gray,False,False
93,0.000778867863119,E,clinical_variant,purple,False,False
94,0.000885293935426,D,unknown,gray,False,False
95,0.000863957917318,G,unknown,gray,False,False
96,0.000896280165762,S,unknown,gray,False,False
97,0.000790698919445,P,unknown,gray,False,False
98,0.000847971416079,Q,unknown,gray,False,False
99,0.000783381576184,A,unknown,gray,False,False
100,0.00101152900606,H,unknown,gray,False,False
101,0.000886325957254,R,unknown,gray,False,False
102,0.00114734808449,R,clinical_variant,purple,False,False
103,0.00102270720527,G,unknown,gray,False,False
104,0.00101940962486,P,clinical_variant,purple,False,False
105,0.000930084264837,T,unknown,gray,False,False
106,0.000986427883618,G,unknown,gray,False,False
107,0.00106009840965,Y,unknown,gray,False,False
108,0.000853669189382,L,unknown,gray,False,False
109,0.000932158553042,V,clinical_variant,purple,False,False
110,0.000936541706324,L,unknown,gray,False,False
111,0.000907731242478,D,unknown,gray,False,False
112,0.0008407010464,E,unknown,gray,False,False
113,0.000809882069007,E,unknown,gray,False,False
114,0.000742309610359,Q,clinical_variant,purple,False,False
115,0.000768745259847,Q,clinical_variant,purple,False,False
116,0.000758540234528,P,unknown,gray,False,False
117,0.000849732896313,S,unknown,gray,False,False
118,0.000772305880673,Q,unknown,gray,False,False
119,0.00083763623843,P,unknown,gray,False,False
120,0.000790196703747,Q,clinical_variant,purple,False,False
121,0.000842821551487,S,clinical_variant,purple,False,False
122,0.000752260384616,A,unknown,gray,False,False
123,0.00075785908848,L,unknown,gray,False,False
124,0.000825484341476,E,unknown,gray,False,False
125,0.000922983454075,C,unknown,gray,False,False
126,0.000974993454292,H,unknown,gray,False,False
127,0.000786599062849,P,clinical_variant,purple,False,False
128,0.000772215076722,E,unknown,gray,False,False
129,0.000761654810049,R,clinical_variant,purple,False,False
130,0.000745167722926,G,unknown,gray,False,False
131,0.000904767890461,C,clinical_variant,purple,False,False
132,0.000779082125518,V,unknown,gray,False,False
133,0.000709599233232,P,unknown,gray,False,False
134,0.000721318414435,E,unknown,gray,False,False
135,0.000749233411625,P,unknown,gray,False,False
136,0.000680827361066,G,unknown,gray,False,False
137,0.000655532814562,A,unknown,gray,False,False
138,0.000725509715267,A,unknown,gray,False,False
139,0.000737360562198,V,unknown,gray,False,False
140,0.000694756221492,A,unknown,gray,False,False
141,0.00066094455542,A,unknown,gray,False,False
142,0.000804429349955,S,clinical_variant,purple,False,False
143,0.000804373470601,K,clinical_variant,purple,False,False
144,0.000812270271126,G,clinical_variant,purple,False,False
145,0.00072904699482,L,unknown,gray,False,False
146,0.000763903080951,P,unknown,gray,False,False
147,0.000708490377292,Q,unknown,gray,False,False
148,0.000793141196482,Q,unknown,gray,False,False
149,0.000719219038729,L,unknown,gray,False,False
150,0.000811421545222,P,unknown,gray,False,False
151,0.000686481245793,A,unknown,gray,False,False
152,0.000763326766901,P,unknown,gray,False,False
153,0.000805155781563,P,unknown,gray,False,False
154,0.000762823270634,D,unknown,gray,False,False
155,0.000814465049189,E,clinical_variant,purple,False,False
156,0.000796269450802,D,unknown,gray,False,False
157,0.000758788781241,D,unknown,gray,False,False
158,0.000797448446974,S,unknown,gray,False,False
159,0.000743591808714,A,clinical_variant,purple,False,False
160,0.000672968511935,A,unknown,gray,False,False
161,0.000848470779601,P,unknown,gray,False,False
162,0.000932389288209,S,unknown,gray,False,False
163,0.000881851476151,T,unknown,gray,False,False
164,0.00080470868852,L,unknown,gray,False,False
165,0.000873885699548,S,unknown,gray,False,False
166,0.000826798961498,L,unknown,gray,False,False
167,0.000818624685053,L,unknown,gray,False,False
168,0.000937200151384,G,clinical_variant,purple,False,False
169,0.0010095796315,P,unknown,gray,False,False
170,0.000916681601666,T,unknown,gray,False,False
171,0.00100439763628,F,unknown,gray,False,False
172,0.000981637043878,P,unknown,gray,False,False
173,0.000955501454882,G,unknown,gray,False,False
174,0.000849124684464,L,clinical_variant,purple,False,False
175,0.000922335661016,S,unknown,gray,False,False
176,0.000946082058363,S,unknown,gray,False,False
177,0.00133363425266,C,unknown,gray,False,False
178,0.00100649043452,S,clinical_variant,purple,False,False
179,0.000914814358111,A,unknown,gray,False,False
180,0.00100579881109,D,unknown,gray,False,False
181,0.00104428851046,L,unknown,gray,False,False
182,0.0010717252735,K,clinical_variant,purple,False,False
183,0.000947959895711,D,unknown,gray,False,False
184,0.00106276664883,I,unknown,gray,False,False
185,0.00111232337076,L,unknown,gray,False,False
186,0.00100859219674,S,unknown,gray,False,False
187,0.000984012032859,E,unknown,gray,False,False
188,0.00107829272747,A,unknown,gray,False,False
189,0.00100462767296,S,unknown,gray,False,False
190,0.000952535949182,T,unknown,gray,False,False
191,0.0011231249664,M,unknown,gray,False,False
192,0.000856540398672,Q,unknown,gray,False,False
193,0.000722663127817,L,unknown,gray,False,False
194,0.000758997455705,L,clinical_variant,purple,False,False
195,0.00077964324737,Q,unknown,gray,False,False
196,0.00073894765228,Q,clinical_variant,purple,False,False
197,0.000743543147109,Q,unknown,gray,False,False
198,0.000788110191934,Q,unknown,gray,False,False
199,0.000746634206735,Q,unknown,gray,False,False
200,0.000723902019672,E,clinical_variant,purple,False,False
201,0.000708822510205,A,unknown,gray,False,False
202,0.000761174131185,V,clinical_variant,purple,False,False
203,0.000753844797146,S,unknown,gray,False,False
204,0.000789989135228,E,clinical_variant,purple,False,False
205,0.000825674331281,G,unknown,gray,False,False
206,0.000785306678154,S,unknown,gray,False,False
207,0.000774113403168,S,normal,gray,False,False
208,0.000773654493969,S,unknown,gray,False,False
209,0.000796339125372,G,unknown,gray,False,False
210,0.000783278257586,R,clinical_variant,purple,False,False
211,0.000693078676704,A,unknown,gray,False,False
212,0.000825854833238,R,clinical_variant,purple,False,False
213,0.00074250245234,E,clinical_variant,purple,False,False
214,0.000708059989847,A,unknown,gray,False,False
215,0.000813032616861,S,unknown,gray,False,False
216,0.000759129296057,G,clinical_variant,purple,False,False
217,0.000731597363483,A,clinical_variant,purple,False,False
218,0.000829620577861,P,unknown,gray,False,False
219,0.000769943173509,T,unknown,gray,False,False
220,0.000910759204999,S,unknown,gray,False,False
221,0.00089022127213,S,clinical_variant,purple,False,False
222,0.0009724117117,K,unknown,gray,False,False
223,0.000983888981864,D,clinical_variant,purple,False,False
224,0.000954423332587,N,clinical_variant,purple,False,False
225,0.000968938868027,Y,clinical_variant,purple,False,False
226,0.000911920098588,L,unknown,gray,False,False
227,0.00102824706119,G,unknown,gray,False,False
228,0.000933591858484,G,unknown,gray,False,False
229,0.00096438912442,T,clinical_variant,purple,False,False
230,0.00107553845737,S,unknown,gray,False,False
231,0.00101117580198,T,unknown,gray,False,False
232,0.000986139872111,I,unknown,gray,False,False
233,0.00116261618678,S,clinical_variant,purple,False,False
234,0.00103469379246,D,unknown,gray,False,False
235,0.00116708513815,N,clinical_variant,purple,False,False
236,0.00109766516834,A,unknown,gray,False,False
237,0.00112295802683,K,unknown,gray,False,False
238,0.00102197192609,E,unknown,gray,False,False
239,0.000936299387831,L,unknown,gray,False,False
240,0.00134777859785,C,unknown,gray,False,False
241,0.00115159782581,K,clinical_variant,purple,False,False
242,0.000971356465016,A,clinical_variant,purple,False,False
243,0.00124523625709,V,unknown,gray,False,False
244,0.00133475696202,S,clinical_variant,purple,False,False
245,0.00101158919279,V,unknown,gray,False,False
246,0.00129852152895,S,unknown,gray,False,False
247,0.00134937290568,M,unknown,gray,False,False
248,0.00129366491456,G,clinical_variant,purple,False,False
249,0.000998999224976,L,unknown,gray,False,False
250,0.00125625100918,G,unknown,gray,False,False
251,0.000996988848783,V,unknown,gray,False,False
252,0.00114263279829,E,unknown,gray,False,False
253,0.00112158851698,A,clinical_variant,purple,False,False
254,0.00106982397847,L,unknown,gray,False,False
255,0.00107485358603,E,clinical_variant,purple,False,False
256,0.00111991423182,H,unknown,gray,False,False
257,0.00112845026888,L,unknown,gray,False,False
258,0.00185720738955,S,unknown,gray,False,False
259,0.0012602081988,P,unknown,gray,False,False
260,0.00119953101967,G,unknown,gray,False,False
261,0.00104832323268,E,unknown,gray,False,False
262,0.000923717394471,Q,unknown,gray,False,False
263,0.000850358861499,L,clinical_variant,purple,False,False
264,0.00111960165668,R,unknown,gray,False,False
265,0.00122255645692,G,clinical_variant,purple,False,False
266,0.00108996173367,D,clinical_variant,purple,False,False
267,0.00136724044569,C,unknown,gray,False,False
268,0.00126799568534,M,clinical_variant,purple,False,False
269,0.00120504654478,Y,unknown,gray,False,False
270,0.00128303375095,A,unknown,gray,False,False
271,0.00120747089386,P,clinical_variant,purple,False,False
272,0.00091592152603,L,clinical_variant,purple,False,False
273,0.000963423401117,L,unknown,gray,False,False
274,0.00122575182468,G,unknown,gray,False,False
275,0.00105914182495,V,unknown,gray,False,False
276,0.00128361501265,P,unknown,gray,False,False
277,0.00109504698776,P,unknown,gray,False,False
278,0.000981670455076,A,unknown,gray,False,False
279,0.000994065776467,V,unknown,gray,False,False
280,0.00120001030155,R,unknown,gray,False,False
281,0.00120169681031,P,unknown,gray,False,False
282,0.00115193182137,T,unknown,gray,False,False
283,0.00125065643806,P,unknown,gray,False,False
284,0.00155052612536,C,unknown,gray,False,False
285,0.00124116730876,A,unknown,gray,False,False
286,0.00144737341907,P,unknown,gray,False,False
287,0.00116506335326,L,unknown,gray,False,False
288,0.00120804936159,A,unknown,gray,False,False
289,0.00144210236613,E,clinical_variant,purple,False,False
290,0.00152024475392,C,unknown,gray,False,False
291,0.00138540181797,K,unknown,gray,False,False
292,0.00130779622123,G,unknown,gray,False,False
293,0.00125518511049,S,unknown,gray,False,False
294,0.00103404547554,L,unknown,gray,False,False
295,0.00113654090092,L,unknown,gray,False,False
296,0.00127130199689,D,unknown,gray,False,False
297,0.0011205895571,D,unknown,gray,False,False
298,0.00103509821929,S,clinical_variant,purple,False,False
299,0.000888678187039,A,clinical_variant,purple,False,False
300,0.000960734847467,G,unknown,gray,False,False
301,0.00105285493191,K,unknown,gray,False,False
302,0.0011009745067,S,unknown,gray,False,False
303,0.000848467927426,T,unknown,gray,False,False
304,0.00101922336034,E,unknown,gray,False,False
305,0.000959420227446,D,unknown,gray,False,False
306,0.000909307971597,T,unknown,gray,False,False
307,0.000923916231841,A,unknown,gray,False,False
308,0.0010719015263,E,unknown,gray,False,False
309,0.00117372605018,Y,unknown,gray,False,False
310,0.00138561183121,S,unknown,gray,False,False
311,0.00121287174989,P,unknown,gray,False,False
312,0.00126665551215,F,clinical_variant,purple,False,False
313,0.00125196366571,K,unknown,gray,False,False
314,0.00111504259985,G,unknown,gray,False,False
315,0.00106446386781,G,unknown,gray,False,False
316,0.00129981152713,Y,unknown,gray,False,False
317,0.00105908780824,T,unknown,gray,False,False
318,0.00115419225767,K,unknown,gray,False,False
319,0.000968249107245,G,unknown,gray,False,False
320,0.000896837795153,L,unknown,gray,False,False
321,0.00112548749894,E,unknown,gray,False,False
322,0.000943799619563,G,unknown,gray,False,False
323,0.00104086427018,E,unknown,gray,False,False
324,0.00100993027445,S,unknown,gray,False,False
325,0.000835327373352,L,unknown,gray,False,False
326,0.000847138464451,G,unknown,gray,False,False
327,0.00118245580234,C,unknown,gray,False,False
328,0.000906012312043,S,unknown,gray,False,False
329,0.000843184825499,G,unknown,gray,False,False
330,0.000862322980538,S,unknown,gray,False,False
331,0.000810989527963,A,unknown,gray,False,False
332,0.000800712034106,A,unknown,gray,False,False
333,0.000814420753159,A,unknown,gray,False,False
334,0.000824015121907,G,unknown,gray,False,False
335,0.0009891273221,S,unknown,gray,False,False
336,0.000992211862467,S,clinical_variant,purple,False,False
337,0.0009741372196,G,unknown,gray,False,False
338,0.00104905036278,T,unknown,gray,False,False
339,0.00101815804373,L,unknown,gray,False,False
340,0.00112693267874,E,unknown,gray,False,False
341,0.00107521621976,L,unknown,gray,False,False
342,0.00134534109384,P,clinical_variant,purple,False,False
343,0.00132716668304,S,unknown,gray,False,False
344,0.00129555875901,T,unknown,gray,False,False
345,0.00121317140292,L,unknown,gray,False,False
346,0.00139286357444,S,unknown,gray,False,False
347,0.00117813295219,L,unknown,gray,False,False
348,0.00143520662095,Y,clinical_variant,purple,False,False
349,0.00164713466074,K,clinical_variant,purple,False,False
350,0.00143181032035,S,unknown,gray,False,False
351,0.00143126491457,G,unknown,gray,False,False
352,0.00130114238709,A,unknown,gray,False,False
353,0.00122800318059,L,unknown,gray,False,False
354,0.00136115704663,D,unknown,gray,False,False
355,0.00126766168978,E,clinical_variant,purple,False,False
356,0.0011153568048,A,unknown,gray,False,False
357,0.00110281945672,A,unknown,gray,False,False
358,0.00106726540253,A,unknown,gray,False,False
359,0.00122213060968,Y,clinical_variant,purple,False,False
360,0.00134383630939,Q,unknown,gray,False,False
361,0.00141079351306,S,unknown,gray,False,False
362,0.00138290098403,R,clinical_variant,purple,False,False
363,0.0014241024619,D,unknown,gray,False,False
364,0.00158759974875,Y,unknown,gray,False,False
365,0.00170996121597,Y,unknown,gray,False,False
366,0.00142400106415,N,unknown,gray,False,False
367,0.00161475990899,F,unknown,gray,False,False
368,0.00143195933197,P,unknown,gray,False,False
369,0.00112506886944,L,unknown,gray,False,False
370,0.00112192193046,A,unknown,gray,False,False
371,0.00109334359877,L,unknown,gray,False,False
372,0.00111551210284,A,unknown,gray,False,False
373,0.00116552691907,G,clinical_variant,purple,False,False
374,0.00105594762135,P,unknown,gray,False,False
375,0.000893705757335,P,unknown,gray,False,False
376,0.000857681501657,P,unknown,gray,False,False
377,0.00092544243671,P,unknown,gray,False,False
378,0.000854984740727,P,unknown,gray,False,False
379,0.000917222932912,P,unknown,gray,False,False
380,0.000954715302214,P,clinical_variant,purple,False,False
381,0.00100528425537,P,clinical_variant,purple,False,False
382,0.00134924170561,H,unknown,gray,False,False
383,0.00129878311418,P,unknown,gray,False,False
384,0.00144815724343,H,unknown,gray,False,False
385,0.00142534449697,A,unknown,gray,False,False
386,0.00147248222493,R,unknown,gray,False,False
387,0.00152219040319,I,unknown,gray,False,False
388,0.00219796784222,K,unknown,gray,False,False
389,0.0014556075912,L,unknown,gray,False,False
390,0.00171544856858,E,unknown,gray,False,False
391,0.00176553358324,N,unknown,gray,False,False
392,0.00152075279038,P,clinical_variant,purple,False,False
393,0.00147732230835,L,unknown,gray,False,False
394,0.00162049778737,D,unknown,gray,False,False
395,0.00156014424283,Y,clinical_variant,purple,False,False
396,0.00134235958103,G,unknown,gray,False,False
397,0.00138992397115,S,unknown,gray,False,False
398,0.00113085296471,A,unknown,gray,False,False
399,0.00156029663049,W,unknown,gray,False,False
400,0.00101526931394,A,unknown,gray,False,False
401,0.000964972306974,A,unknown,gray,False,False
402,0.00101635511965,A,unknown,gray,False,False
403,0.000967788975686,A,unknown,gray,False,False
404,0.000961925310548,A,unknown,gray,False,False
405,0.00116440246347,Q,clinical_variant,purple,False,False
406,0.00139840075281,C,unknown,gray,False,False
407,0.00123857683502,R,clinical_variant,purple,False,False
408,0.0013368607033,Y,unknown,gray,False,False
409,0.00127371831331,G,unknown,gray,False,False
410,0.00119097647257,D,unknown,gray,False,False
411,0.000980611774139,L,clinical_variant,purple,False,False
412,0.00101744057611,A,unknown,gray,False,False
413,0.00112884771079,S,clinical_variant,purple,False,False
414,0.000885608664248,L,unknown,gray,False,False
415,0.00107538979501,H,unknown,gray,False,False
416,0.000939652265515,G,clinical_variant,purple,False,False
417,0.000724008306861,A,unknown,gray,False,False
418,0.000769194215536,G,unknown,gray,False,False
419,0.000730847183149,A,unknown,gray,False,False
420,0.000685464823619,A,unknown,gray,False,False
421,0.000700755801518,G,unknown,gray,False,False
422,0.000756300520152,P,unknown,gray,False,False
423,0.000773811130784,G,unknown,gray,False,False
424,0.000757984060328,S,unknown,gray,False,False
425,0.00079400150571,G,unknown,gray,False,False
426,0.000856903381646,S,unknown,gray,False,False
427,0.000835408573039,P,unknown,gray,False,False
428,0.000882018066477,S,unknown,gray,False,False
429,0.000714189838618,A,unknown,gray,False,False
430,0.000743173179217,A,unknown,gray,False,False
431,0.00081941310782,A,unknown,gray,False,False
432,0.000950604327954,S,unknown,gray,False,False
433,0.00101061863825,S,unknown,gray,False,False
434,0.00116351561155,S,clinical_variant,purple,False,False
435,0.00138920114841,W,clinical_variant,purple,False,False
436,0.00126574537717,H,unknown,gray,False,False
437,0.00119566172361,T,unknown,gray,False,False
438,0.00110925699119,L,unknown,gray,False,False
439,0.00134661165066,F,unknown,gray,False,False
440,0.00125934439711,T,clinical_variant,purple,False,False
441,0.00120423629414,A,unknown,gray,False,False
442,0.00121345545631,E,clinical_variant,purple,False,False
443,0.0013739670394,E,unknown,gray,False,False
444,0.0012375585502,G,unknown,gray,False,False
445,0.00102450314444,Q,unknown,gray,False,False
446,0.00110710109584,L,unknown,gray,False,False
447,0.00121714605484,Y,unknown,gray,False,False
448,0.000994478119537,G,unknown,gray,False,False
449,0.000983970821835,P,unknown,gray,False,False
450,0.00107754021883,C,unknown,gray,False,False
451,0.0006958815502,G,clinical_variant,purple,False,False
452,0.000639571226202,G,unknown,gray,False,False
453,0.000610161048826,G,clinical_variant,purple,False,False
454,0.000603910360951,G,unknown,gray,False,False
455,0.000549649819732,G,clinical_variant,purple,False,False
456,0.000537049141712,G,clinical_variant,purple,False,False
457,0.00054050021572,G,clinical_variant,purple,False,False
458,0.000526680611074,G,unknown,gray,False,False
459,0.000518459477462,G,unknown,gray,False,False
460,0.000523365393747,G,unknown,gray,False,False
461,0.000497679633554,G,unknown,gray,False,False
462,0.000501036993228,G,unknown,gray,False,False
463,0.000506299897097,G,clinical_variant,purple,False,False
464,0.000505254021846,G,unknown,gray,False,False
465,0.000507162301801,G,unknown,gray,False,False
466,0.00052426289767,G,unknown,gray,False,False
467,0.000513297214638,G,unknown,gray,False,False
468,0.000519807217643,G,unknown,gray,False,False
469,0.000513949489687,G,unknown,gray,False,False
470,0.000554611207917,G,unknown,gray,False,False
471,0.000586211157497,G,unknown,gray,False,False
472,0.000595774326939,G,unknown,gray,False,False
473,0.000632889685221,G,unknown,gray,False,False
474,0.000921173370443,E,clinical_variant,purple,False,False
475,0.000764079508372,A,clinical_variant,purple,False,False
476,0.000805022602435,G,unknown,gray,False,False
477,0.000893485033885,A,unknown,gray,False,False
478,0.00100688578095,V,unknown,gray,False,False
479,0.00118464184925,A,unknown,gray,False,False
480,0.00127725536004,P,unknown,gray,False,False
481,0.00147094996646,Y,clinical_variant,purple,False,False
482,0.00135397480335,G,unknown,gray,False,False
483,0.00164971780032,Y,unknown,gray,False,False
484,0.00134250381961,T,unknown,gray,False,False
485,0.00146641093306,R,clinical_variant,purple,False,False
486,0.00142080616206,P,unknown,gray,False,False
487,0.0012467688648,P,unknown,gray,False,False
488,0.00134793005418,Q,clinical_variant,purple,False,False
489,0.00122226518579,G,clinical_variant,purple,False,False
490,0.00111254153308,L,unknown,gray,False,False
491,0.00125764135737,A,unknown,gray,False,False
492,0.00129056314472,G,clinical_variant,purple,False,False
493,0.00132449227385,Q,unknown,gray,False,False
494,0.00145983730908,E,unknown,gray,False,False
495,0.00165877409745,S,unknown,gray,False,False
496,0.00128485052846,D,unknown,gray,False,False
497,0.00148670794442,F,unknown,gray,False,False
498,0.00133873545565,T,clinical_variant,purple,False,False
499,0.00142462109216,A,clinical_variant,purple,False,False
500,0.00148496602196,P,clinical_variant,purple,False,False
501,0.00145924545359,D,unknown,gray,False,False
502,0.00142453378066,V,unknown,gray,False,False
503,0.00185391854029,W,clinical_variant,purple,False,False
504,0.00201711198315,Y,unknown,gray,False,False
505,0.00188728189096,P,unknown,gray,False,False
506,0.0016522310907,G,unknown,gray,False,False
507,0.00146792992018,G,clinical_variant,purple,False,False
508,0.0015788981691,M,unknown,gray,False,False
509,0.00148567766882,V,clinical_variant,purple,False,False
510,0.00172406504862,S,unknown,gray,False,False
511,0.0017056344077,R,unknown,gray,False,False
512,0.00145811890252,V,clinical_variant,purple,False,False
513,0.001660630689,P,unknown,gray,False,False
514,0.00204503373243,Y,clinical_variant,purple,False,False
515,0.00176223693416,P,clinical_variant,purple,False,False
516,0.00193361821584,S,unknown,gray,False,False
517,0.00162231945433,P,normal,gray,False,False
518,0.00171968759969,T,unknown,gray,False,False
519,0.00229967501946,C,unknown,gray,False,False
520,0.00156190874986,V,unknown,gray,False,False
521,0.00243409327231,K,unknown,gray,False,False
522,0.00198419648223,S,unknown,gray,False,False
523,0.00190707319416,E,unknown,gray,False,False
524,0.00204136711545,M,unknown,gray,False,False
525,0.00203114398755,G,clinical_variant,purple,False,False
526,0.00209518754855,P,unknown,gray,False,False
527,0.00237844744697,W,unknown,gray,False,False
528,0.00211780751124,M,unknown,gray,False,False
529,0.00204414501786,D,clinical_variant,purple,False,False
530,0.00200232397765,S,unknown,gray,False,False
531,0.0023070985917,Y,clinical_variant,purple,False,False
532,0.00222991639748,S,unknown,gray,False,False
533,0.00235345773399,G,unknown,gray,False,False
534,0.00196058861911,P,clinical_variant,purple,False,False
535,0.00237744650804,Y,clinical_variant,purple,False,False
536,0.00223345006816,G,unknown,gray,False,False
537,0.00207571778446,D,unknown,gray,False,False
538,0.00205441867001,M,unknown,gray,False,False
539,0.00228643068112,R,unknown,gray,False,False
540,0.00204427260906,L,unknown,gray,False,False
541,0.00222468934953,E,unknown,gray,False,False
542,0.00220242980868,T,unknown,gray,False,False
543,0.00245069572702,A,unknown,gray,False,False
544,0.00264394632541,R,unknown,gray,False,False
545,0.00256489380263,D,unknown,gray,False,False
546,0.00310648651794,H,unknown,gray,False,False
547,0.00273530301638,V,unknown,gray,False,False
548,0.00282375514507,L,clinical_variant,purple,False,False
549,0.00338305090554,P,clinical_variant,purple,False,False
550,0.00306309619918,I,unknown,gray,False,False
551,0.00344289303757,D,unknown,gray,False,False
552,0.00354288960807,Y,unknown,gray,False,False
553,0.00356559501961,Y,unknown,gray,False,False
554,0.00391675904393,F,unknown,gray,False,False
555,0.00400853157043,P,clinical_variant,purple,False,False
556,0.0034505603835,P,unknown,gray,False,True
557,0.00416910741478,Q,unknown,gray,False,True
558,0.00489741144702,K,unknown,gray,False,True
559,0.00432943645865,T,clinical_variant,purple,False,True
560,0.0100043006241,C,clinical_variant,purple,False,True
561,0.00411870004609,L,unknown,gray,False,True
562,0.00781577453017,I,unknown,gray,False,True
563,0.00799787044525,C,clinical_variant,purple,False,True
564,0.00572148710489,G,unknown,gray,False,True
565,0.00654405774549,D,clinical_variant,purple,False,True
566,0.00412761699408,E,unknown,gray,False,True
567,0.00537005625665,A,unknown,gray,False,True
568,0.0046644215472,S,unknown,gray,False,True
569,0.00721979560331,G,clinical_variant,purple,False,True
570,0.00922564789653,C,unknown,gray,False,True
571,0.0138995423913,H,unknown,gray,False,True
572,0.00902079232037,Y,clinical_variant,purple,False,True
573,0.00943203177303,G,unknown,gray,False,True
574,0.00768696051091,A,clinical_variant,purple,False,True
575,0.00583687610924,L,unknown,gray,False,True
576,0.00778418174013,T,clinical_variant,purple,False,True
577,0.0110263628885,C,clinical_variant,purple,False,True
578,0.00673935376108,G,clinical_variant,purple,False,True
579,0.0105285560712,S,clinical_variant,purple,False,True
580,0.0183503869921,C,clinical_variant,purple,False,True
581,0.00838313251734,K,clinical_variant,purple,False,True
582,0.00673481775448,V,clinical_variant,purple,False,True
583,0.00928571820259,F,clinical_variant,purple,False,True
584,0.032163195312,F,clinical_variant,purple,True,True
585,0.0113971084356,K,unknown,gray,False,True
586,0.00955756753683,R,clinical_variant,purple,False,True
587,0.00623474270105,A,clinical_variant,purple,False,True
588,0.00693024601787,A,clinical_variant,purple,False,True
589,0.00739268539473,E,unknown,gray,False,True
590,0.00825708080083,G,unknown,gray,False,True
591,0.00788887869567,K,clinical_variant,purple,False,True
592,0.00618282239884,Q,unknown,gray,False,True
593,0.00649793911725,K,unknown,gray,False,True
594,0.00681132636964,Y,clinical_variant,purple,False,True
595,0.00596597325057,L,clinical_variant,purple,False,True
596,0.0119120143354,C,unknown,gray,False,True
597,0.00768458284438,A,clinical_variant,purple,False,True
598,0.00790246855468,S,clinical_variant,purple,False,True
599,0.00893437489867,R,unknown,gray,False,True
600,0.00974877830595,N,clinical_variant,purple,False,True
601,0.00791402906179,D,unknown,gray,False,True
602,0.0137647306547,C,clinical_variant,purple,False,True
603,0.00669894181192,T,clinical_variant,purple,False,True
604,0.00745977507904,I,clinical_variant,purple,False,True
605,0.00699364440516,D,clinical_variant,purple,False,True
606,0.00712546613067,K,unknown,gray,False,True
607,0.00752659980208,F,unknown,gray,False,True
608,0.00969963800162,R,clinical_variant,purple,False,True
609,0.00956008769572,R,clinical_variant,purple,False,True
610,0.0117526706308,K,unknown,gray,False,True
611,0.0119933187962,N,clinical_variant,purple,False,True
612,0.0143495444208,C,clinical_variant,purple,False,True
613,0.0114502841607,P,unknown,gray,False,True
614,0.0141108594835,S,unknown,gray,False,True
615,0.098883651197,C,clinical_variant,purple,True,True
616,0.0168729834259,R,clinical_variant,purple,False,True
617,0.0117829013616,L,clinical_variant,purple,False,True
618,0.00870153028518,R,clinical_variant,purple,False,True
619,0.0667158663273,K,unknown,gray,True,True
620,0.0232131592929,C,clinical_variant,purple,True,True
621,0.0102183818817,Y,unknown,gray,False,True
622,0.0107303056866,E,unknown,gray,False,True
623,0.00980661902577,A,unknown,gray,False,True
624,0.0139005882666,G,unknown,gray,False,False
625,0.00997725501657,M,unknown,gray,False,False
626,0.00760296080261,T,unknown,gray,False,False
627,0.00912967789918,L,unknown,gray,False,False
628,0.00957361608744,G,unknown,gray,False,False
629,0.00810751784593,A,unknown,gray,False,False
630,0.0084333922714,R,clinical_variant,purple,False,False
631,0.00749179767445,K,clinical_variant,purple,False,False
632,0.00686862040311,L,unknown,gray,False,False
633,0.00700188940391,K,unknown,gray,False,False
634,0.00630765547976,K,unknown,gray,False,False
635,0.00557566341013,L,unknown,gray,False,False
636,0.0063659818843,G,unknown,gray,False,False
637,0.00567999621853,N,clinical_variant,purple,False,False
638,0.00486339442432,L,unknown,gray,False,False
639,0.00588200520724,K,unknown,gray,False,False
640,0.0048522525467,L,unknown,gray,False,False
641,0.00517861405388,Q,clinical_variant,purple,False,False
642,0.00561588956043,E,unknown,gray,False,False
643,0.00521800573915,E,unknown,gray,False,False
644,0.00498451292515,G,unknown,gray,False,False
645,0.00451484834775,E,unknown,gray,False,False
646,0.00482645165175,A,clinical_variant,purple,False,False
647,0.00494828913361,S,unknown,gray,False,False
648,0.00436716433614,S,clinical_variant,purple,False,False
649,0.0039684548974,T,unknown,gray,False,False
650,0.00412269774824,T,clinical_variant,purple,False,False
651,0.0061341621913,S,clinical_variant,purple,False,False
652,0.00443604076281,P,unknown,gray,False,False
653,0.00480072759092,T,unknown,gray,False,False
654,0.00538112828508,E,clinical_variant,purple,False,False
655,0.0051789698191,E,unknown,gray,False,False
656,0.0047787851654,T,unknown,gray,False,False
657,0.00526815792546,T,unknown,gray,False,False
658,0.00561885721982,Q,clinical_variant,purple,False,False
659,0.00618134113029,K,unknown,gray,False,False
660,0.00725197978318,L,unknown,gray,False,False
661,0.00820864271373,T,unknown,gray,False,False
662,0.0084641892463,V,unknown,gray,False,False
663,0.0092758545652,S,unknown,gray,False,False
664,0.0108470208943,H,unknown,gray,False,False
665,0.00984163582325,I,clinical_variant,purple,False,False
666,0.0129178809002,E,clinical_variant,purple,False,False
667,0.0128433508798,G,unknown,gray,False,False
668,0.0110220639035,Y,unknown,gray,False,False
669,0.0137029923499,E,unknown,gray,False,False
670,0.0166343525052,C,unknown,gray,False,False
671,0.0139527674764,Q,clinical_variant,purple,False,False
672,0.0120081920177,P,clinical_variant,purple,False,False
673,0.0151550965384,I,clinical_variant,purple,False,False
674,0.0182412210852,F,clinical_variant,purple,False,False
675,0.0129757840186,L,unknown,gray,False,False
676,0.0165519453585,N,unknown,gray,False,False
677,0.02096054703,V,unknown,gray,False,False
678,0.0194213669747,L,clinical_variant,purple,False,False
679,0.0185184683651,E,clinical_variant,purple,False,False
680,0.0138991456479,A,unknown,gray,False,False
681,0.018768530339,I,clinical_variant,purple,False,False
682,0.0215303748846,E,clinical_variant,purple,False,False
683,0.0155265051872,P,clinical_variant,purple,False,False
684,0.0160643029958,G,clinical_variant,purple,False,False
685,0.0175232253969,V,clinical_variant,purple,False,False
686,0.0165866687894,V,clinical_variant,purple,False,False
687,0.0201426502317,C,clinical_variant,purple,False,False
688,0.0165235921741,A,clinical_variant,purple,False,False
689,0.0213101916015,G,clinical_variant,purple,False,False
690,0.0209699496627,H,clinical_variant,purple,False,False
691,0.0242071468383,D,clinical_variant,purple,True,False
692,0.0203594230115,N,unknown,gray,False,False
693,0.0229014735669,N,clinical_variant,purple,True,False
694,0.0270635262132,Q,clinical_variant,purple,True,False
695,0.02470549196,P,unknown,gray,True,False
696,0.0266689453274,D,clinical_variant,purple,True,False
697,0.0290043465793,S,unknown,gray,True,False
698,0.0430027022958,F,clinical_variant,purple,True,False
699,0.0385055951774,A,unknown,gray,True,False
700,0.0360573120415,A,unknown,gray,True,False
701,0.0619785003364,L,clinical_variant,purple,True,False
702,0.0634309872985,L,clinical_variant,purple,True,False
703,0.0533155463636,S,clinical_variant,purple,True,False
708,0.0636382997036,L,clinical_variant,purple,True,False
709,0.093484185636,G,clinical_variant,purple,True,False
710,0.0589533485472,E,clinical_variant,purple,True,False
711,0.0459910146892,R,clinical_variant,purple,True,False
712,0.0628305673599,Q,clinical_variant,purple,True,False
713,0.0542715415359,L,clinical_variant,purple,True,False
714,0.0339873693883,V,unknown,gray,True,False
715,0.0347614660859,H,unknown,gray,True,False
716,0.0561621747911,V,clinical_variant,purple,True,False
717,0.0374784767628,V,unknown,gray,True,False
718,0.0404940024018,K,unknown,gray,True,False
719,0.0757016390562,W,clinical_variant,purple,True,False
720,0.0397799685597,A,unknown,gray,True,False
721,0.0327432155609,K,clinical_variant,purple,True,False
722,0.0226702354848,A,clinical_variant,purple,True,False
723,0.0319504290819,L,clinical_variant,purple,True,False
724,0.0443440303206,P,clinical_variant,purple,True,False
725,0.0287997778505,G,clinical_variant,purple,True,False
726,0.0316600352526,F,clinical_variant,purple,True,False
727,0.0316432379186,R,clinical_variant,purple,True,False
728,0.0250868238509,N,clinical_variant,purple,True,False
729,0.0216068997979,L,clinical_variant,purple,False,False
730,0.175091654062,H,unknown,gray,True,False
731,0.0205876156688,V,clinical_variant,purple,False,False
732,0.0227798018605,D,unknown,gray,True,False
733,0.0324215628207,D,clinical_variant,purple,True,False
734,0.0300645921379,Q,clinical_variant,purple,True,False
735,0.0240852627903,M,unknown,gray,True,False
736,0.0282585136592,A,unknown,gray,True,False
737,0.0394410341978,V,unknown,gray,True,False
738,0.042909450829,I,clinical_variant,purple,True,False
739,0.0382720269263,Q,clinical_variant,purple,True,False
740,0.0370053313673,Y,clinical_variant,purple,True,False
741,0.0676424279809,S,clinical_variant,purple,True,False
742,0.0604867115617,W,clinical_variant,purple,True,False
743,0.0410247258842,M,clinical_variant,purple,True,False
744,0.0572188608348,G,clinical_variant,purple,True,False
745,0.0565306991339,L,clinical_variant,purple,True,False
746,0.059762340039,M,clinical_variant,purple,True,False
747,0.0503301620483,V,clinical_variant,purple,True,False
748,0.0623750463128,F,clinical_variant,purple,True,False
755,0.0632814839482,F,clinical_variant,purple,True,False
756,0.0408719182014,T,clinical_variant,purple,True,False
757,0.0408148877323,N,clinical_variant,purple,True,False
758,0.0346401184797,V,clinical_variant,purple,True,False
759,0.0392251461744,N,clinical_variant,purple,True,False
760,0.0321163497865,S,clinical_variant,purple,True,False
761,0.0290130395442,R,clinical_variant,purple,True,False
762,0.0325522497296,M,clinical_variant,purple,True,False
763,0.0254046209157,L,clinical_variant,purple,True,False
764,0.0243482664227,Y,clinical_variant,purple,True,False
765,0.0248284600675,F,clinical_variant,purple,True,False
766,0.0293918494135,A,clinical_variant,purple,True,False
767,0.0202490501106,P,clinical_variant,purple,False,False
768,0.0211533885449,D,clinical_variant,purple,False,False
769,0.0193615127355,L,clinical_variant,purple,False,False
770,0.0211161207408,V,unknown,gray,False,False
771,0.0183457694948,F,clinical_variant,purple,False,False
772,0.0166830904782,N,clinical_variant,purple,False,False
773,0.0180229768157,E,clinical_variant,purple,False,False
774,0.0199341103435,Y,unknown,gray,False,False
775,0.0176762137562,R,clinical_variant,purple,False,False
776,0.014040526934,M,unknown,gray,False,False
777,0.0155090829358,H,unknown,gray,False,False
778,0.0158519987017,K,unknown,gray,False,False
779,0.0147106554359,S,unknown,gray,False,False
780,0.0166442748159,R,clinical_variant,purple,False,False
781,0.0185321159661,M,clinical_variant,purple,False,False
782,0.0158878583461,Y,clinical_variant,purple,False,False
783,0.0144126517698,S,clinical_variant,purple,False,False
784,0.0157759003341,Q,unknown,gray,False,False
785,0.0185940731317,C,clinical_variant,purple,False,False
786,0.0134952906519,V,clinical_variant,purple,False,False
787,0.0174290686846,R,clinical_variant,purple,False,False
788,0.0180216059089,M,clinical_variant,purple,False,False
789,0.0163286123425,R,clinical_variant,purple,False,False
790,0.0138723999262,H,unknown,gray,False,False
791,0.0139173520729,L,clinical_variant,purple,False,False
792,0.0181265845895,S,unknown,gray,False,False
793,0.0128267109394,Q,clinical_variant,purple,False,False
794,0.0155744254589,E,clinical_variant,purple,False,False
795,0.0163950454444,F,clinical_variant,purple,False,False
796,0.0180180259049,G,clinical_variant,purple,False,False
797,0.0207723993808,W,clinical_variant,purple,False,False
798,0.0147143620998,L,unknown,gray,False,False
799,0.0163727551699,Q,clinical_variant,purple,False,False
800,0.0141513682902,I,clinical_variant,purple,False,False
801,0.017400668934,T,clinical_variant,purple,False,False
802,0.013935951516,P,unknown,gray,False,False
803,0.014451013878,Q,clinical_variant,purple,False,False
804,0.0203229747713,E,clinical_variant,purple,False,False
805,0.0170780196786,F,clinical_variant,purple,False,False
806,0.0150211099535,L,unknown,gray,False,False
807,0.020323369652,C,clinical_variant,purple,False,False
808,0.0245911441743,M,clinical_variant,purple,True,False
809,0.0256523936987,K,clinical_variant,purple,True,False
810,0.0239461325109,A,unknown,gray,True,False
811,0.0923724621534,L,unknown,gray,True,False
812,0.0244958214462,L,unknown,gray,True,False
813,0.0200995393097,L,clinical_variant,purple,False,False
814,0.0202079880983,F,unknown,gray,False,False
815,0.0202898308635,S,clinical_variant,purple,False,False
816,0.0152745423838,I,unknown,gray,False,False
817,0.01602804102,I,unknown,gray,False,False
818,0.017795484513,P,clinical_variant,purple,False,False
819,0.0123561359942,V,unknown,gray,False,False
820,0.015820287168,D,clinical_variant,purple,False,False
821,0.0188224576414,G,clinical_variant,purple,False,False
822,0.0109205394983,L,clinical_variant,purple,False,False
823,0.0138862859458,K,unknown,gray,False,False
824,0.0179415345192,N,unknown,gray,False,False
825,0.0133590828627,Q,clinical_variant,purple,False,False
826,0.0120632629842,K,unknown,gray,False,False
827,0.0140431318432,F,clinical_variant,purple,False,False
828,0.0166936889291,F,clinical_variant,purple,False,False
829,0.0121341021731,D,unknown,gray,False,False
830,0.0115135684609,E,clinical_variant,purple,False,False
831,0.0161470994353,L,clinical_variant,purple,False,False
832,0.0185565762222,R,clinical_variant,purple,False,False
833,0.0104029830545,M,unknown,gray,False,False
834,0.0121839335188,N,clinical_variant,purple,False,False
835,0.0295102410018,Y,clinical_variant,purple,True,False
836,0.0139401555061,I,unknown,gray,False,False
837,0.0135328900069,K,unknown,gray,False,False
838,0.0162835493684,E,unknown,gray,False,False
839,0.0214456934482,L,clinical_variant,purple,False,False
840,0.0153838153929,D,unknown,gray,False,False
841,0.0119811529294,R,clinical_variant,purple,False,False
842,0.0139061082155,I,clinical_variant,purple,False,False
843,0.0140558909625,I,clinical_variant,purple,False,False
844,0.0111646782607,A,clinical_variant,purple,False,False
845,0.0124034266919,C,unknown,gray,False,False
846,0.0135604003444,K,unknown,gray,False,False
847,0.0102985166013,R,clinical_variant,purple,False,False
848,0.00954760052264,K,unknown,gray,False,False
849,0.0114521682262,N,clinical_variant,purple,False,False
850,0.0119054019451,P,unknown,gray,False,False
851,0.00867930985987,T,unknown,gray,False,False
852,0.0100555252284,S,unknown,gray,False,False
853,0.0159944109619,C,unknown,gray,False,False
854,0.0128700379282,S,clinical_variant,purple,False,False
855,0.0110420584679,R,clinical_variant,purple,False,False
856,0.0175472013652,R,clinical_variant,purple,False,False
857,0.0228447299451,F,clinical_variant,purple,True,False
858,0.0154162375256,Y,clinical_variant,purple,False,False
859,0.0140788331628,Q,unknown,gray,False,False
860,0.0207221806049,L,clinical_variant,purple,False,False
861,0.015224320814,T,clinical_variant,purple,False,False
862,0.0145779028535,K,unknown,gray,False,False
863,0.0170114263892,L,unknown,gray,False,False
864,0.0234747007489,L,clinical_variant,purple,True,False
865,0.0188108943403,D,clinical_variant,purple,False,False
866,0.0143062677234,S,clinical_variant,purple,False,False
867,0.0229398943484,V,clinical_variant,purple,True,False
868,0.0223275292665,Q,clinical_variant,purple,True,False
869,0.0184650570154,P,clinical_variant,purple,False,False
870,0.0184288639575,I,clinical_variant,purple,False,False
871,0.0384295657277,A,clinical_variant,purple,True,False
872,0.0218004398048,R,clinical_variant,purple,True,False
873,0.0267782174051,E,clinical_variant,purple,True,False
874,0.0394831746817,L,unknown,gray,True,False
875,0.0471321903169,H,clinical_variant,purple,True,False
876,0.0272036921233,Q,unknown,gray,True,False
880,0.0396405532956,D,clinical_variant,purple,True,False
881,0.02713120915,L,unknown,gray,True,False
882,0.0356003604829,L,clinical_variant,purple,True,False
883,0.0252205785364,I,unknown,gray,True,False
884,0.0216421373188,K,clinical_variant,purple,True,False
885,0.0249369777739,S,clinical_variant,purple,True,False
886,0.0275069959462,H,unknown,gray,True,False
887,0.0175331458449,M,clinical_variant,purple,False,False
888,0.0136898253113,V,unknown,gray,False,False
889,0.0158722512424,S,clinical_variant,purple,False,False
890,0.0131226694211,V,clinical_variant,purple,False,False
891,0.0174921490252,D,clinical_variant,purple,False,False
892,0.0159739628434,F,unknown,gray,False,False
893,0.0142389992252,P,clinical_variant,purple,False,False
894,0.0111083602533,E,unknown,gray,False,False
895,0.0113470554352,M,clinical_variant,purple,False,False
896,0.0170581489801,M,clinical_variant,purple,False,False
897,0.0114173609763,A,clinical_variant,purple,False,False
898,0.0115203578025,E,clinical_variant,purple,False,False
899,0.0134390443563,I,clinical_variant,purple,False,False
900,0.0133320689201,I,unknown,gray,False,False
901,0.0106453970075,S,unknown,gray,False,False
902,0.00928370188922,V,unknown,gray,False,False
903,0.0109983487055,Q,clinical_variant,purple,False,False
904,0.0120772840455,V,clinical_variant,purple,False,False
905,0.010745796375,P,clinical_variant,purple,False,False
906,0.00810505542904,K,clinical_variant,purple,False,False
907,0.00765307154506,I,unknown,gray,False,False
908,0.00762365572155,L,clinical_variant,purple,False,False
909,0.0071886125952,S,unknown,gray,False,False
910,0.00770375691354,G,clinical_variant,purple,False,False
911,0.00836066529155,K,clinical_variant,purple,False,False
912,0.00715320976451,V,clinical_variant,purple,False,False
913,0.00659183831885,K,unknown,gray,False,False
914,0.00660481490195,P,clinical_variant,purple,False,False
915,0.00710696633905,I,unknown,gray,False,False
916,0.00655942223966,Y,clinical_variant,purple,False,False
917,0.00576587952673,F,clinical_variant,purple,False,False
918,0.00614598579705,H,clinical_variant,purple,False,False
919,0.00615414883941,T,unknown,gray,False,False
920,0.00880994461477,Q,clinical_variant,purple,False,False
