uniprot,pdb,n_chains,n_interface,n_candidates,n_iface_in_candidates,median_interface,median_non_interface,diff,mean_interface,mean_non_interface,mean_diff,n_allo,n_allo_at_interface
A0A0J9WZA6,3PJG,2,57,385,57,0.0028249872848391533,0.0011556646786630154,0.001669322606176138,0.0029083425148488267,0.0021072010186333322,0.0008011414962154945,11,0
B8GZM2,1W25,2,31,451,31,0.0006317513179965317,0.0008681647595949471,-0.00023641344159841537,0.0008257177851778726,0.0019373621031436848,-0.0011116443179658123,23,0
E8ME30,1LTH,4,68,317,68,0.0023067339789122343,0.0015455434331670403,0.000761190545745194,0.0028815531729967057,0.0026779686796000175,0.00020358449339668823,5,4
O31611,5DED,4,59,208,59,0.0028402458410710096,0.002366872737184167,0.00047337310388684273,0.004179305280558765,0.003640936097698974,0.000538369182859791,12,5
O43353,4C8B,2,34,537,34,0.0012019825517199934,0.0007430039695464075,0.0004589785821735859,0.002252746994867373,0.0015409985524160181,0.0007117484424513547,30,1
O54438,4BNZ,4,59,244,58,0.0029362754430621862,0.0021567518124356866,0.0007795236306264997,0.004309853550913776,0.002954680706381858,0.0013551728445319183,10,8
O57693,1UXN,4,113,495,111,0.0015418980037793517,0.00211002875585109,-0.0005681307520717382,0.0025265848663685894,0.0036498872057867024,-0.001123302339418113,12,10
O60547,5IN4,4,76,364,75,0.006227047182619572,0.003361104056239128,0.0028659431263804436,0.008196753355053564,0.005599287229390319,0.002597466125663245,15,9
O60678,4RYL,2,41,525,41,0.003396395593881607,0.0014065459254197776,0.0019898496684618294,0.003447531844580137,0.002925703125478592,0.000521828719101545,17,3
O60701,3PRJ,6,99,485,97,0.005177358165383339,0.002820917754434049,0.00235644041094929,0.006843221867120988,0.004938159352042424,0.001905062515078564,17,5
P00344,1LDN,4,85,314,85,0.0016155220801010728,0.001663590781390667,-4.8068701289594173e-05,0.002694848632467363,0.0027698759303741386,-7.502729790677572e-05,6,6
P00366,6DHQ,6,120,555,120,0.000590338691836223,0.0006883191526867449,-9.798046085052192e-05,0.0014924850166911105,0.0015769063769746038,-8.442136028349325e-05,54,28
P00489,8GPB,2,54,827,54,0.001700376975350082,0.0039010606706142426,-0.0022006836952641606,0.0019297491655581528,0.006233185068716236,-0.0043034359031580835,71,20
P00636,1RDY,4,94,319,94,0.014890797436237335,0.012330954894423485,0.0025598425418138504,0.018866386006962745,0.017219147549735175,0.0016472384572275706,35,18
P00669,11BG,2,46,144,40,0.009649998974055052,0.007376074558123946,0.0022739244159311056,0.01191402894910425,0.009930898229448268,0.001983130719655982,8,4
P00735,3PMA,2,37,616,37,0.006373216398060322,0.0017802829388529062,0.004592933459207416,0.006325907621381653,0.0038835482497133365,0.0024423593716683166,12,1
P04711,5VYJ,4,70,961,70,0.0013884882209822536,0.0014514352660626173,-6.294704508036375e-05,0.0018840107376620705,0.0027851995922662694,-0.0009011888546041989,14,8
P06169,2VK8,2,97,539,82,0.01773700211197138,0.008339593186974525,0.009397408924996853,0.020955496427898363,0.011307748718823039,0.009647747709075324,16,2
P06709,2EWN,2,32,312,29,0.007858781144022942,0.005619950592517853,0.002238830551505089,0.010300912091444278,0.007528898372008817,0.002772013719435461,44,5
P07071,1H7A,2,60,582,60,0.007812341907992959,0.010062128771096468,-0.002249786863103509,0.009536253346595913,0.013072736125521477,-0.0035364827789255635,12,5
P0A1E3,1FCJ,2,44,317,44,0.004145001759752631,0.0036961627192795277,0.0004488390404731035,0.005679147722813385,0.004946123198827817,0.0007330245239855681,4,4
P0A434,1QW7,2,38,342,38,0.013009057380259037,0.013109899125993252,-0.00010084174573421478,0.013543949241896993,0.01655867396192135,-0.0030147247200243577,2,0
P0A796,1PFK,4,77,301,72,0.012244505807757378,0.01373976282775402,-0.001495257019996643,0.014316763327870932,0.018463934338590594,-0.004147171010719663,16,10
P0A962,2HIM,4,77,335,77,0.00135005300398916,0.0012474876129999757,0.00010256539098918438,0.0019609411776235156,0.0026312394644307014,-0.0006702982868071858,8,5
P0A9T0,2PA3,4,89,401,84,0.004059620434418321,0.003981988877058029,7.763155736029148e-05,0.007544523742537768,0.005771061314096563,0.0017734624284412052,12,9
P0ABH7,1NXG,6,161,421,160,0.0013948570704087615,0.0041481126099824905,-0.002753255539573729,0.0026154211875109466,0.004931662498859125,-0.0023162413113481783,17,5
P0AEE3,3GCO,3,55,346,55,0.006938849575817585,0.004712862893939018,0.0022259866818785667,0.00822891548953273,0.006803120194399838,0.0014257952951328918,2,1
P11974,3N25,4,102,519,100,0.003780697239562869,0.004869981203228235,-0.0010892839636653662,0.005043894721893594,0.006732617003947656,-0.0016887222820540625,16,0
P13491,5NQB,4,112,329,112,0.0012830885243602097,0.0015486106276512146,-0.0002655221032910049,0.0023038137748829157,0.002779608359023894,-0.0004757945841409785,19,9
P14193,1DKR,6,95,314,92,0.0013593083713203669,0.001703043351881206,-0.0003437349805608392,0.002288981977946368,0.0028612945396096555,-0.0005723125616632877,13,11
P14780,5UE4,2,13,704,13,0.0005416895146481693,0.0006325019639916718,-9.081244934350252e-05,0.0005455842787901369,0.0011508872772490488,-0.0006053029984589118,2,0
P17707,1MSV,2,27,315,27,0.010267021134495735,0.013111351057887077,-0.002844329923391342,0.00983642565983313,0.017959536834193084,-0.008123111174359954,8,0
P19367,1QHA,2,46,908,45,0.0012853597290813923,0.0014612318482249975,-0.00017587211914360523,0.0021952119474816655,0.002896128250607036,-0.0007009163031253705,15,0
P22498,5IXE,2,36,483,36,0.0017395791364833713,0.002490377053618431,-0.0007507979171350598,0.0024273424448134997,0.0033736028083468845,-0.0009462603635333848,19,0
P23368,1GZ3,4,91,564,91,0.004849206656217575,0.007751935627311468,-0.002902728971093893,0.008489180164370726,0.012060667134882453,-0.003571486970511727,8,5
P23921,3HNC,2,32,785,32,0.002220026799477637,0.0015944503247737885,0.0006255764747038484,0.002313804638106376,0.0031568916197736337,-0.0008430869816672577,34,15
P27443,1O0S,4,121,637,121,0.0017081545665860176,0.0011279143509455025,0.0005802402156405151,0.0022356243179206666,0.0028144256275552397,-0.0005788013096345731,7,4
P29466,2FQQ,4,54,393,51,0.013779344037175179,0.007610332686454058,0.006169011350721121,0.018997255904490456,0.00812618495359995,0.010871070950890505,3,1
P31129,4H54,2,48,293,48,0.0011269145761616528,0.0019003008492290974,-0.0007733862730674446,0.002285151775140548,0.00287580879295853,-0.000590657017817982,3,1
P31153,5UGH,2,62,361,51,0.03344118595123291,0.019641466438770294,0.013799719512462616,0.047472488829026036,0.02601057976304043,0.021461909065985607,21,11
P36888,4RT7,2,23,990,23,0.00080778420669958,0.0003928347141481936,0.00041494949255138636,0.0008287910832618566,0.0009046654497178641,-7.587436645600755e-05,31,0
P42574,3KJF,4,54,266,48,0.015228647738695145,0.008881117682904005,0.00634753005579114,0.02293483045650646,0.011751687109316572,0.01118314334718989,14,0
P45983,3O2M,2,21,424,21,0.0024941768497228622,0.001057369401678443,0.0014368074480444193,0.0031920804813992056,0.0019492237647332682,0.0012428567166659374,13,0
P46926,1NE7,6,45,278,43,0.005415510386228561,0.008869238197803497,-0.003453727811574936,0.009381869618326079,0.011266206001783623,-0.0018843363834575438,11,6
P49427,4MDK,2,19,233,19,0.0027529788203537464,0.0019497432513162494,0.000803235569037497,0.002993099642672429,0.0035381849896528312,-0.0005450853469804022,16,6
P49902,5OPK,4,74,556,74,0.0015506410272791982,0.0017012730240821838,-0.00015063199680298567,0.001848437835154048,0.0027590280081603398,-0.0009105901730062918,35,5
P52731,3DBA,4,50,859,50,0.00021701993682654575,0.0004957805504091084,-0.00027876061358256266,0.00024752320634434,0.0010742258033690725,-0.0008267025970247325,19,4
P53608,2CEV,6,47,278,47,0.0158587284386158,0.0158402007073164,1.852773129940033e-05,0.016010317713656325,0.020344970135010167,-0.004334652421353842,18,11
P53671,4TPT,2,58,635,58,0.0011683121556416154,0.0006357175880111754,0.00053259456763044,0.0015341676049062918,0.0013722254882265604,0.0001619421166797314,26,4
P53704,2POC,4,55,710,55,0.0003331191255711019,0.0005026822909712791,-0.00016956316540017724,0.00033676300584126943,0.0010941503652796248,-0.0007573873594383554,13,0
P54578,6IIK,2,18,488,18,0.002850957796908915,0.002167700440622866,0.0006832573562860489,0.003892965588925613,0.0033695901181806432,0.0005233754707449699,20,0
P55210,5V6U,2,33,297,33,0.002382393926382065,0.003911070758476853,-0.0015286768320947886,0.0027642376424575395,0.005333054988472158,-0.002568817346014618,22,7
P55212,4NBL,2,38,287,38,0.0022244614083319902,0.003891564905643463,-0.001667103497311473,0.002870316525284005,0.0055823447612903445,-0.0027120282360063395,25,5
P9WI55,5KDE,6,47,159,47,0.0035325486678630114,0.0036758386995643377,-0.00014329003170132637,0.004910896561960591,0.005147601508984475,-0.00023670494702388457,14,5
Q01217,3ZZH,4,50,860,50,0.00017354581359541044,0.00028697605011984706,-0.00011343023652443662,0.00018268579267896712,0.0009986133969864623,-0.0008159276043074952,13,1
Q05769,4OTJ,2,62,585,62,0.00907814921811223,0.007141720037907362,0.0019364291802048683,0.008683237825490294,0.009603052701441354,-0.0009198148759510597,34,0
Q08698,1PEU,2,38,707,38,0.0023593128426000476,0.00171749759465456,0.0006418152479454875,0.0033475967693926863,0.0034568376991597127,-0.00010924092976702642,14,8
Q12650,1M8P,6,83,567,83,0.0011446949793025851,0.002078341436572373,-0.0009336464572697878,0.003970249175901963,0.004131813523742516,-0.00016156434784055356,18,0
Q13547,5ICN,4,65,479,65,0.001462195417843759,0.0009594816947355866,0.0005027137231081724,0.0020640729469820285,0.0017010516154266004,0.0003630213315554281,13,5
Q13976,4Z07,2,22,668,22,0.00047514667676296085,0.0007056455651763827,-0.0002304988884134218,0.00048551969468297267,0.001360002335983807,-0.0008744826413008345,4,3
Q14790,3KJN,4,62,469,57,0.011945301666855812,0.0027910061180591583,0.009154295548796654,0.016219968621602708,0.0051802429054113265,0.01103972571619138,19,0
Q26998,1JLR,4,86,232,82,0.00871573993936181,0.011018386576324701,-0.0023026466369628906,0.012621468847344925,0.01318051303581645,-0.0005590441884715247,13,8
Q2G036,5DL1,14,90,189,88,0.00487057538703084,0.004726535174995661,0.00014404021203517914,0.008049713357732717,0.008650590257608507,-0.0006008768998757904,1,1
Q2HRB6,2PBK,2,32,525,32,0.005339359398931265,0.0019114960450679064,0.0034278633538633585,0.007064297700708266,0.004675606783629635,0.0023886909170786315,29,7
Q59643,2C14,8,132,331,130,0.0038011701544746757,0.002940909471362829,0.0008602606831118464,0.005214275965968577,0.00495991996658586,0.0002543559993827167,9,4
Q8DSE5,2HVW,6,75,147,74,0.0038815762382000685,0.003867438295856118,1.4137942343950272e-05,0.005588050753922781,0.005227001916540608,0.0003610488373821724,20,17
Q8F3Q1,3F6H,2,12,510,12,0.0008094750228337944,0.001713767647743225,-0.0009042926249094307,0.0008205049380194396,0.0033916757486706383,-0.0025711708106511987,14,0
Q8KBW6,2QMX,2,48,275,48,0.004243419039994478,0.004289908334612846,-4.648929461836815e-05,0.006099849347568427,0.005949686053680822,0.00015016329388760526,13,12
Q8TE04,2I7N,2,50,595,48,0.0010314658284187317,0.0007686744793318212,0.0002627913490869105,0.0018809774567974575,0.0013962078329851004,0.00048476962381235715,18,12
Q9PPB4,5F1U,4,65,292,64,0.004080068552866578,0.0031622357200831175,0.0009178328327834606,0.005959517595329089,0.0051378805589608915,0.0008216370363681976,17,10
Q9TZZ6,1NJJ,2,43,442,40,0.0014075862127356231,0.0009954975685104728,0.00041208864422515035,0.004378886146878358,0.0017115699711709807,0.002667316175707377,8,0
Q9UDY8,4I1R,2,21,818,21,0.0016356551786884665,0.0008184792241081595,0.000817175954580307,0.0020627867308489626,0.001947717442899683,0.00011506928794927963,14,0
Q9UM07,4DKT,2,62,652,62,0.0023411911679431796,0.0039026604499667883,-0.0015614692820236087,0.003166978567605838,0.004875084551907602,-0.001708105984301764,41,0
Q9Y223,4ZHT,4,66,719,66,0.00023186725593404844,0.0005017280345782638,-0.0002698607786442153,0.000252756702221549,0.0012698511653970199,-0.001017094463175471,18,6
Q9ZLT0,2W4I,2,29,249,29,0.004560624249279499,0.004674182273447514,-0.00011355802416801453,0.004785041581710865,0.00637564690339125,-0.0015906053216803856,22,7
